8,121,231,198
9,23,299,37
9,200,618,99
8,103,111,32
13,25,329,94
194,1109,1198,102
11,35,81,37
25,24,299,83
98,27,294,32
188,89,179,120
11,17,812,78
10,446,399,76
9,33,629,96
97,339,814,123
9,23,86,34
12,11,84,75
13,0,98,33
11,0,142,169
10,9,1023,100
10,18,91,98
98,32,916,37
8,8,89,213
10,23,994,106
7,24,717,176
7,30,687,97
null,null,314,107
12,238,297,95
20,2,130,55
11,16,146,110
14,426,205,185
14,627,578,92
42,0,329,201
14,752,43,52
15,0,442,162
12,20,838,86
69,41,815,94
7,59,361,156
7,17,47,105
98,393,417,184
9,14,353,114
40,22,80,112
9,39,625,162
9,68,386,97
16,22,216,162
8,23,927,27
26,14,581,98
10,21,91,106
9,74,66,59
10,39,520,95
8,33,173,118
13,32,839,104
20,77,262,28
8,95,1008,28
7,249,304,82
177,359,191,95
12,18,220,100
96,1021,64,127
46,32,140,85
7,14,549,89
12,39,646,88
11,338,62,115
21,28,825,88
8,36,877,25
34,36,127,197
17,40,292,180
14,0,887,19
11,43,58,233
29,466,410,25
29,434,381,40
29,32,147,58
34,22,112,56
22,461,513,90
20,0,533,93
13,15,841,110
15,6,184,30
12,874,926,101
74,451,144,41
189,560,520,74
9,45,229,113
46,22,288,115
13,97,134,165
11,16,309,110
11,0,746,82
10,379,201,88
79,35,711,89
12,385,891,117
186,476,302,77
7,29,25,5
64,0,217,214
23,515,632,85
74,363,495,74
101,0,324,99
14,9,617,90
14,9,521,88
12,21,100,25
17,34,572,179
10,15,801,18
36,30,90,122
10,31,591,91
9,42,244,94
21,25,384,57
8,24,879,98
127,0,383,97
8,30,421,27
13,35,336,82
101,1054,46,135
186,596,665,95
201,1331,525,70
98,14,806,67
18,0,713,95
10,15,713,17
12,20,902,103
14,0,102,102
20,15,527,41
189,632,108,107
8,8,312,101
14,0,730,31
8,36,387,28
8,23,1264,100
127,0,270,108
15,0,513,93
13,0,244,494
12,0,574,108
8,89,94,92
11,32,615,97
11,342,714,81
10,28,480,103
21,0,881,200
12,0,187,93
14,191,518,89
14,426,396,94
17,44,156,43
9,42,778,102
9,42,120,119
12,25,438,89
16,550,190,96
9,97,420,25
11,337,202,110
29,485,788,91
6,69,400,106
8,16,708,100
31,144,593,90
21,0,306,22
8,39,308,83
8,95,651,91
7,71,561,105
7,140,398,27
8,0,115,112
12,97,908,101
10,28,531,96
12,1090,592,109
8,13,94,23
7,0,154,39
189,565,966,128
7,64,522,21
7,0,136,271
194,738,505,94
22,400,463,75
10,23,490,96
10,564,333,83
196,1283,486,4
10,0,130,23
8,14,304,92
9,38,801,22
10,50,441,77
8,50,816,94
11,129,278,32
11,0,357,104
10,34,777,107
7,0,117,268
8,25,340,135
12,20,822,168
17,0,332,95
10,39,920,96
12,28,878,102
15,34,163,200
18,85,424,26
188,265,302,98
8,836,607,109
7,120,314,95
34,35,625,95
8,46,714,91
97,439,139,59
8,23,1029,25
42,0,349,218
17,0,430,80
9,542,97,102
96,24,252,91
7,30,721,94
189,632,495,27
9,22,250,100
17,21,351,91
11,42,520,70
8,6,109,44
15,267,503,75
10,473,811,83
8,330,96,168
10,256,327,85
14,6,705,21
9,22,415,100
9,526,810,120
15,16,844,96
8,44,516,96
21,36,359,213
18,34,881,103
10,0,850,102
8,43,301,89
7,46,347,161
194,555,84,241
10,0,509,18
23,610,487,136
98,425,304,105
9,27,907,109
29,69,507,96
9,17,517,102
95,1004,523,171
7,18,381,99
10,24,624,88
10,31,689,19
8,33,468,104
7,116,420,95
98,119,818,179
11,15,58,16
10,89,351,184
8,26,234,106
22,400,357,97
25,36,914,92
12,3,41,102
286,1253,173,93
7,117,118,97
7,29,36,3
9,0,538,119
8,31,1076,102
8,14,506,101
17,40,236,86
12,27,106,40
7,249,883,27
186,493,948,26
19,66,375,117
12,35,135,84
8,23,218,94
9,31,720,26
9,73,65,73
9,20,920,79
10,91,118,101
11,17,503,111
64,0,623,98
83,1057,323,157
8,9,34,57
9,394,462,91
13,97,792,99
10,90,667,71
29,465,105,179
13,36,550,83
8,0,220,101
10,30,800,98
12,563,284,99
7,6,178,63
194,560,512,52
8,7,354,81
9,25,709,26
11,0,48,88
10,15,424,102
9,86,838,169
9,33,999,93
8,34,247,99
14,90,1044,91
8,30,725,95
8,10,553,103
7,43,95,306
7,45,423,16
9,11,583,98
8,45,175,76
10,63,120,137
7,28,174,105
286,1253,374,102
7,0,940,102
8,16,373,104
10,5,814,85
8,47,604,93
127,0,98,99
194,956,336,80
8,95,330,95
46,40,618,52
12,31,717,25
11,236,541,83
7,23,109,132
188,749,775,114
8,36,603,98
8,165,709,94
11,119,344,66
18,27,98,34
9,24,159,96
10,0,77,41
7,116,626,105
17,34,663,105
10,21,246,182
186,540,448,25
7,117,219,113
18,54,193,37
6,44,192,76
7,16,24,4
8,103,435,80
9,41,609,107
12,11,164,87
11,22,78,68
7,44,222,107
12,17,440,87
42,0,416,160
11,21,417,29
98,393,308,101
69,53,699,109
7,14,182,164
8,2,183,93
8,31,189,218
23,792,962,56
195,1098,100,171
106,29,238,207
14,17,167,176
9,180,303,107
8,23,674,85
7,120,202,109
7,42,453,82
23,1030,823,79
196,1254,47,4
9,46,1228,184
8,69,591,96
12,21,705,25
11,21,827,95
9,42,324,97
14,0,1028,112
11,28,722,102
9,340,35,269
8,0,382,93
189,533,209,191
30,26,402,100
8,364,86,38
9,51,812,92
12,0,904,101
29,429,505,100
7,0,714,172
8,24,322,95
69,51,428,115
18,38,719,96
8,649,301,91
46,22,210,105
13,34,539,95
10,30,684,103
8,18,833,101
9,26,129,71
8,79,174,205
8,33,621,96
11,19,213,25
11,141,596,92
9,37,99,17
7,34,946,100
10,34,567,98
18,85,302,104
11,42,310,101
7,20,178,102
16,29,610,110
201,1040,711,98
40,28,815,87
7,350,573,97
25,24,191,93
16,28,613,97
14,0,786,79
13,335,408,84
7,26,485,44
21,312,984,115
10,0,144,86
9,12,666,114
10,96,270,36
127,0,429,105
7,249,517,34
null,null,181,102
10,23,622,99
8,43,660,87
10,256,421,92
17,44,909,83
8,27,228,123
7,445,499,74
9,24,314,91
12,25,155,134
7,14,19,4
11,36,73,94
17,44,692,115
13,50,538,172
9,34,214,82
8,31,271,193
188,358,916,97
40,43,386,178
101,224,236,34
195,802,477,91
21,0,165,51
186,1186,599,99
9,305,359,98
30,68,410,86
7,98,1132,168
20,15,104,208
46,53,707,90
15,6,298,91
18,34,990,101
7,30,586,95
12,23,436,80
17,847,42,71
18,0,1161,178
14,423,597,81
15,0,236,108
8,135,702,27
7,19,557,91
8,28,256,83
10,7,114,118
11,32,314,93
36,60,344,106
7,19,604,106
36,70,322,84
98,27,209,17
16,21,105,116
11,61,312,87
9,0,823,85
10,23,878,109
31,136,602,89
9,42,642,100
7,90,149,71
12,0,325,118
13,19,247,97
29,472,288,88
82,30,352,89
6,68,1008,85
9,187,1010,109
18,250,81,26
12,33,123,123
8,36,401,83
9,131,776,95
12,563,138,50
7,131,195,110
189,637,395,106
14,13,342,100
10,233,83,103
13,12,187,75
22,724,47,42
14,16,712,92
20,25,319,89
7,38,1085,86
12,39,1010,27
6,15,250,104
10,12,431,172
17,0,483,23
12,0,998,99
25,24,50,40
9,16,716,22
8,118,579,92
8,50,923,97
8,330,274,110
12,237,710,104
11,767,75,47
13,0,202,103
11,22,606,34
9,24,243,77
18,0,533,107
11,12,616,106
286,1253,273,21
46,53,910,98
186,351,492,102
21,28,151,98
7,445,404,86
12,18,112,93
10,0,123,99
12,19,610,20
79,21,367,71
82,80,910,92
10,24,285,106
8,0,31,167
7,24,897,92
11,129,314,80
8,30,631,102
8,36,502,94
14,0,957,65
7,18,518,18
12,32,465,110
12,22,66,58
10,42,730,81
10,102,240,91
8,25,210,115
7,35,71,40
7,35,53,2
9,134,1083,96
7,38,746,95
12,23,595,109
11,51,470,20
46,40,806,23
7,39,82,129
18,34,483,105
18,0,469,110
12,737,314,93
10,58,199,94
23,891,665,65
7,71,719,39
46,28,412,98
22,34,749,92
11,28,639,92
12,31,452,91
9,10,80,151
12,563,387,88
7,350,189,104
188,266,822,107
98,119,715,103
16,28,817,95
8,23,110,180
8,46,289,26
21,0,165,81
74,444,718,81
11,28,133,268
11,19,810,106
10,16,563,101
9,394,250,103
74,802,932,103
25,31,438,102
17,0,699,97
9,77,296,125
11,32,718,182
9,36,633,31
18,38,620,28
9,24,323,99
16,511,465,108
12,11,616,42
101,351,102,117
21,101,414,109
11,43,396,98
9,31,243,25
30,68,811,91
14,416,1080,93
46,53,435,163
18,0,1345,94
8,44,326,92
101,31,432,85
11,32,814,84
17,19,1099,178
29,349,401,58
9,66,424,95
40,28,599,93
29,469,304,100
29,434,611,85
7,17,637,95
10,24,337,96
9,555,667,78
12,21,345,158
9,69,427,95
8,10,661,96
7,0,609,101
17,44,700,80
195,1172,386,86
17,21,447,100
106,31,577,47
194,738,801,95
10,6,1024,93
196,1216,106,7
7,57,224,137
106,31,710,92
21,84,812,46
17,34,1076,98
7,117,436,90
11,20,279,109
196,1216,78,4
9,134,991,87
8,39,728,95
7,0,846,99
8,25,233,25
8,103,524,103
9,17,598,107
8,35,592,21
196,1223,14,2
46,40,558,111
13,97,900,100
9,35,130,86
16,18,233,191
7,150,271,25
15,38,84,118
12,20,653,68
42,0,533,87
22,34,634,108
25,36,816,88
8,0,397,100
17,0,879,107
11,0,320,90
17,0,551,28
16,27,398,105
11,43,990,99
13,150,296,106
11,28,822,102
40,43,1435,135
98,18,552,118
7,0,913,87
74,802,820,105
40,22,339,98
40,15,162,90
13,0,915,37
8,42,784,98
10,39,153,120
8,28,266,163
8,30,502,98
9,22,396,16
8,109,310,30
9,311,446,101
10,8,534,94
69,53,296,126
98,8,169,33
8,103,917,112
69,51,902,95
8,112,176,94
8,11,182,85
11,27,112,90
17,6,43,39
15,0,329,107
95,288,785,92
18,38,125,154
101,232,489,32
8,111,96,288
14,28,285,101
16,550,289,94
8,1,98,21
21,0,318,166
null,null,53,50
7,32,803,106
25,37,906,96
10,0,142,57
29,41,209,100
10,21,108,64
79,42,680,23
10,73,555,114
8,36,399,111
7,127,141,15
79,545,92,81
31,646,334,76
13,15,130,19
7,42,385,95
9,43,454,147
98,425,45,170
95,162,918,96
97,386,630,145
7,52,118,2
9,113,111,176
12,0,647,83
12,17,331,97
7,18,86,257
8,44,120,84
11,6,435,84
12,25,844,94
7,21,360,28
6,27,761,94
10,23,593,98
12,21,219,74
9,22,225,88
6,4,671,104
8,12,36,153
12,563,480,122
8,33,165,99
null,null,609,90
10,32,909,92
18,0,625,88
23,610,434,46
16,29,744,90
40,3,543,99
11,43,885,101
14,326,372,116
9,45,910,109
10,0,103,123
12,45,341,82
10,34,947,99
7,44,789,98
8,33,791,112
13,104,146,87
15,10,137,105
7,42,600,16
8,31,980,93
14,792,840,105
9,48,448,98
31,147,838,85
9,72,822,99
8,12,122,86
14,191,658,55
9,65,388,103
11,42,434,87
9,445,382,94
9,68,487,97
8,29,429,76
15,34,587,103
189,633,172,122
9,24,409,103
9,10,314,90
7,903,291,114
8,17,191,109
null,null,532,95
10,39,721,90
11,36,725,37
8,24,731,97
9,88,231,174
83,1057,911,92
36,35,785,16
13,43,151,174
106,31,501,50
11,43,597,105
18,38,286,97
9,37,821,96
10,379,32,88
12,0,267,26
11,0,668,96
12,14,116,105
8,50,516,95
18,19,446,89
11,229,317,88
10,105,527,104
13,101,1560,94
9,20,457,95
9,24,326,113
7,0,142,115
22,400,199,52
116,956,548,91
8,26,1106,100
9,305,764,95
7,32,504,108
82,21,172,190
11,42,595,117
8,1,327,15
12,874,486,107
201,1247,273,125
10,90,540,121
9,13,157,169
8,496,468,120
13,36,875,58
8,37,143,77
13,32,737,97
9,31,405,91
15,267,180,113
8,36,625,95
69,29,340,73
74,439,949,97
21,25,417,92
11,36,834,104
7,21,121,76
13,0,223,106
74,451,794,108
14,0,530,27
13,644,309,87
7,0,239,26
7,24,447,96
17,0,682,80
9,38,148,160
8,10,83,72
7,45,605,22
7,0,648,95
7,229,111,92
8,29,126,82
8,31,172,96
11,43,703,98
7,885,220,103
98,119,313,84
8,20,238,99
9,38,68,44
9,10,63,185
18,38,922,96
9,445,210,31
8,27,409,187
7,35,405,97
7,16,815,38
9,340,302,99
42,0,918,50
11,36,901,79
10,459,802,72
11,22,643,91
31,144,482,104
34,28,423,89
17,0,923,103
12,21,314,98
10,0,244,99
8,22,578,175
7,17,99,133
12,39,247,115
26,19,606,23
9,25,90,41
12,24,658,92
8,95,533,115
8,23,584,104
21,44,300,70
11,24,668,95
7,962,42,70
11,18,245,85
286,1292,896,105
11,42,355,74
7,350,363,103
8,409,211,58
16,44,186,109
8,135,590,98
11,32,68,81
17,0,646,105
29,41,586,100
127,8,240,27
21,28,728,93
9,10,354,24
8,36,220,171
10,24,167,110
7,28,95,95
8,33,577,102
116,658,333,76
29,69,425,76
98,31,228,144
106,0,600,93
13,29,154,97
20,77,844,122
9,33,528,96
23,1030,422,88
106,0,697,95
96,186,111,168
12,12,397,101
30,31,81,31
116,353,102,79
196,1216,94,7
42,0,236,83
106,31,874,40
8,9,308,93
13,34,643,98
13,94,710,165
98,32,620,59
11,36,632,97
11,27,316,38
8,46,68,52
69,51,814,83
21,90,482,103
9,41,180,90
12,7,96,64
11,136,901,99
10,12,326,101
21,44,806,81
7,126,289,73
97,269,69,96
16,29,298,133
null,null,482,23
10,24,716,96
36,61,514,39
11,28,491,96
8,0,528,78
29,30,124,50
7,0,197,96
186,1186,919,102
20,0,223,98
10,17,966,65
9,20,59,92
98,9,640,93
12,18,89,46
9,28,169,107
7,34,391,99
8,118,861,107
7,14,217,116
8,8,417,103
11,0,132,83
40,43,760,92
16,28,102,118
7,0,735,100
11,40,1082,21
82,74,510,38
7,140,307,81
12,1172,805,97
21,144,212,76
8,30,444,97
23,1020,88,102
7,30,921,96
8,0,407,104
8,39,789,103
9,27,796,106
10,12,75,50
7,19,968,100
11,0,611,79
8,69,106,179
14,0,704,25
8,30,742,88
8,56,503,77
13,29,642,86
18,0,406,20
9,78,301,99
8,35,76,29
12,0,1111,28
20,0,440,94
9,27,1090,22
6,460,903,88
196,1257,353,1
9,29,267,78
14,189,421,91
7,39,409,115
15,6,502,95
8,681,205,94
null,null,148,131
11,43,818,95
106,29,557,97
8,33,686,99
13,25,811,175
12,21,222,180
20,25,662,22
10,19,428,99
8,433,33,184
7,18,677,28
7,18,837,100
14,0,237,195
9,134,572,40
12,31,772,104
186,1117,55,58
8,28,969,108
10,16,458,98
8,42,507,89
7,26,392,27
10,63,387,78
42,0,293,128
11,57,249,93
83,1529,596,19
127,0,364,26
10,446,80,99
10,14,778,88
79,21,749,100
9,72,399,89
201,1040,410,104
8,111,197,32
11,18,298,97
7,18,636,96
8,48,531,85
11,0,617,78
8,88,1038,99
8,23,403,104
10,0,343,117
8,22,581,105
8,0,87,181
8,0,511,70
9,51,908,93
14,326,567,26
14,14,713,104
11,34,154,83
7,28,366,99
40,43,121,239
30,33,519,101
17,0,739,94
10,35,129,64
201,1253,687,70
11,24,464,97
116,353,602,79
8,30,627,95
79,21,442,95
14,15,158,87
11,0,518,81
11,0,669,103
46,25,159,184
18,0,706,196
18,0,114,163
26,20,1027,91
9,42,642,93
7,38,693,104
17,31,759,96
9,11,94,42
6,79,275,135
95,151,692,97
8,32,378,72
9,67,292,100
8,23,344,87
11,0,824,89
12,234,664,99
12,737,615,77
8,31,1101,92
11,43,158,236
11,33,51,107
18,38,541,95
10,35,385,94
8,32,764,57
18,0,788,40
13,25,728,78
20,25,462,20
12,24,508,173
15,6,395,102
64,0,1128,129
12,563,605,76
14,14,517,21
14,416,559,114
201,1362,291,86
9,94,38,26
9,11,90,106
177,352,781,91
40,30,793,19
98,24,655,132
10,31,847,82
9,344,92,24
29,41,100,105
10,105,419,98
82,74,1016,93
12,45,810,27
14,89,1281,106
8,109,177,110
8,39,589,96
17,26,217,94
195,871,412,82
7,447,312,85
116,658,622,101
196,1274,20,5
8,8,525,103
14,15,53,108
188,297,212,82
17,95,277,27
10,0,1196,100
286,1292,487,96
8,31,90,298
26,18,701,45
8,111,593,107
8,24,1030,98
17,0,823,26
8,34,717,178
9,42,446,90
9,526,721,75
10,35,601,107
10,90,84,100
12,237,603,98
11,236,108,188
7,133,440,62
12,1090,846,59
8,22,1063,94
12,689,214,105
11,43,718,95
9,8,288,107
14,10,609,95
17,131,105,99
8,36,514,81
10,13,150,78
18,34,780,92
8,20,772,88
9,60,731,91
11,16,428,71
83,1529,671,28
12,3,66,92
10,17,318,104
10,0,660,91
286,1253,297,92
10,28,119,112
6,33,560,16
11,24,248,80
8,111,318,89
14,627,477,97
9,11,322,46
7,90,204,87
11,129,512,84
13,22,269,27
96,434,90,106
98,27,112,93
21,0,532,101
13,22,943,105
201,1040,522,83
12,3,107,36
8,26,743,94
11,0,501,113
8,32,58,190
177,208,806,103
8,25,299,28
14,189,878,90
12,46,190,96
9,4,222,86
7,23,169,117
9,12,349,123
9,134,884,101
8,37,428,92
12,1082,425,91
116,823,506,169
13,0,312,81
13,34,744,108
7,0,506,98
9,19,178,58
13,35,760,115
11,0,102,97
34,28,330,175
10,0,1051,93
83,1529,504,89
14,9,246,161
8,45,973,107
11,36,421,42
23,1030,714,106
9,21,188,134
10,19,891,93
8,46,918,100
9,25,703,107
11,18,192,100
7,16,17,5
286,1253,483,97
8,42,891,96
8,23,315,93
11,16,78,113
7,350,772,93
8,37,532,97
74,730,96,269
194,1024,690,112
11,24,437,96
8,80,619,103
19,357,199,95
21,44,890,90
10,32,74,198
74,451,494,74
9,12,133,89
7,15,349,82
11,0,289,101
9,445,95,111
9,103,667,83
16,44,299,95
12,632,112,119
8,15,266,100
9,20,445,103
11,0,766,99
186,1172,392,103
9,42,439,96
13,6,441,27
9,31,453,95
82,74,904,100
15,0,67,61
10,31,494,90
9,565,599,88
8,44,217,26
12,29,445,95
7,19,717,88
18,0,140,44
46,40,707,52
21,0,495,112
9,555,383,70
11,0,187,162
16,25,679,97
null,null,506,69
101,0,470,119
98,119,53,168
8,43,713,77
12,689,100,109
64,0,601,108
10,46,442,125
12,874,161,110
12,25,906,77
14,291,57,72
98,24,387,85
18,0,1196,99
42,17,269,89
9,202,470,91
195,1144,274,130
14,591,842,78
9,0,991,100
9,388,394,25
9,356,397,74
69,40,1019,96
101,351,225,111
9,36,712,172
12,25,64,170
194,738,370,27
7,0,304,85
96,0,610,99
106,27,100,42
8,31,575,96
195,879,918,92
10,0,766,107
8,78,377,94
9,69,131,159
7,22,179,92
7,42,276,48
186,291,398,111
186,1172,212,31
106,0,609,82
8,0,421,75
16,22,121,107
9,388,500,95
12,32,879,107
12,46,292,72
30,33,96,220
9,20,410,99
8,27,711,102
9,783,44,72
7,0,166,75
7,18,499,105
10,0,245,99
177,359,688,91
8,21,641,86
21,37,180,173
8,36,328,92
46,9,29,90
25,44,711,94
116,462,420,78
8,118,137,111
30,33,403,109
16,18,425,83
14,39,171,157
7,47,808,97
7,0,837,99
7,14,344,102
10,44,111,212
14,90,939,97
7,154,476,25
10,34,1070,105
8,94,339,96
17,25,548,174
101,132,501,109
7,0,317,24
11,0,708,100
7,23,226,104
null,null,418,73
13,36,322,100
23,891,578,50
9,552,83,69
31,144,389,88
8,112,390,20
13,32,636,96
12,11,166,62
96,0,822,99
7,18,151,92
6,20,392,84
11,0,540,96
12,39,842,174
8,33,977,107
7,115,103,59
9,555,753,124
9,32,399,22
29,73,914,95
10,5,898,98
8,23,698,105
7,4,289,63
11,0,138,141
null,null,629,95
null,null,113,122
9,25,541,95
11,36,605,98
9,113,413,104
15,0,400,31
9,20,695,102
79,35,418,78
8,34,422,98
8,18,120,31
201,1362,119,114
15,0,207,80
10,23,394,102
7,32,713,94
6,9,965,101
8,89,897,85
196,1257,177,1
201,1040,135,181
8,36,923,96
12,24,667,26
17,92,799,111
101,412,776,96
7,35,626,88
98,119,502,98
17,0,504,23
17,0,414,114
9,13,58,67
286,1253,178,188
14,9,411,16
8,10,711,99
10,19,532,100
96,1,219,113
10,256,521,95
8,44,466,149
21,37,856,97
69,39,443,166
8,29,714,90
17,0,154,110
95,102,662,100
30,34,1005,91
186,352,969,89
9,312,241,96
9,103,467,98
10,34,886,178
13,32,454,82
14,792,93,178
10,46,730,106
11,236,411,20
11,3,855,111
195,879,359,24
10,446,663,58
79,33,300,86
7,29,102,167
98,449,450,75
10,446,600,36
9,12,102,115
8,17,327,178
18,25,385,100
12,0,218,99
14,332,1100,165
10,22,431,94
10,438,709,58
127,0,832,93
14,24,117,160
8,0,905,95
18,38,641,96
11,31,131,99
69,53,613,82
30,68,703,102
9,0,923,102
12,27,934,108
8,89,313,107
11,13,45,111
9,134,791,89
9,16,702,102
10,25,986,103
8,25,528,103
11,39,546,27
7,39,261,96
9,9,50,52
7,0,650,24
15,0,122,40
194,956,803,37
8,46,1032,74
11,22,363,77
19,530,208,57
31,139,689,16
9,0,1054,77
13,36,761,109
7,28,120,62
8,10,539,96
9,0,129,96
11,0,301,201
10,35,109,115
12,19,727,100
7,14,457,96
40,3,419,115
11,28,811,90
26,600,98,208
15,6,107,178
9,24,167,178
18,0,244,187
10,0,1142,77
7,28,97,71
9,28,227,88
8,69,587,97
21,0,643,108
186,540,576,96
10,97,163,98
14,591,799,100
10,6,814,100
195,1172,587,104
11,0,97,69
8,165,823,88
7,25,541,95
23,1030,388,29
36,206,200,190
12,26,273,88
7,16,140,184
9,30,112,66
7,71,887,98
8,31,889,88
97,318,452,78
13,97,394,35
25,31,393,99
10,151,1087,55
14,99,298,101
17,0,132,79
8,12,399,23
64,17,334,102
34,28,515,80
10,24,550,180
7,34,577,92
29,258,298,93
46,22,322,105
9,200,908,93
8,30,330,162
8,15,90,171
8,27,820,173
7,30,493,94
11,30,71,26
34,36,95,27
7,14,444,96
19,33,478,71
7,18,200,183
83,1056,488,94
14,412,601,116
8,2,203,112
116,956,633,37
12,385,811,78
11,119,231,69
11,18,400,104
14,467,397,76
74,451,407,83
74,451,373,30
9,46,732,191
12,385,688,115
12,11,223,23
12,1090,81,197
18,40,404,95
11,0,905,30
188,352,639,65
8,88,722,99
11,22,138,191
7,71,106,190
9,41,398,108
7,38,251,88
16,171,389,101
9,41,66,52
8,37,172,32
6,20,195,184
8,17,824,175
16,50,787,73
9,40,244,80
17,35,515,100
16,848,41,76
7,29,31,3
40,27,922,107
98,9,973,64
7,16,425,76
8,16,818,107
12,0,369,199
7,26,493,105
22,31,74,156
20,1,231,70
16,511,373,87
8,140,78,131
36,61,85,138
8,112,456,172
10,34,575,93
17,34,826,91
98,29,518,25
101,232,125,159
12,19,438,82
98,25,230,69
10,34,321,96
7,6,246,99
9,42,541,96
9,202,370,94
12,385,92,218
83,1057,1012,93
12,863,304,101
12,21,422,99
195,875,271,80
8,165,297,99
116,1292,387,95
12,25,816,19
10,26,523,34
12,29,436,90
21,0,756,103
22,27,252,114
11,0,255,109
25,43,607,35
11,17,715,92
null,null,427,97
14,17,446,67
9,0,118,105
10,28,945,181
7,19,266,96
177,200,108,203
74,363,271,109
10,19,266,92
17,42,771,98
21,312,1106,99
21,312,607,183
8,39,1028,95
46,22,229,100
14,0,520,91
23,956,789,75
10,26,629,31
7,28,343,103
106,28,744,93
13,17,350,82
29,349,673,92
9,39,1061,50
29,349,563,30
286,1292,88,216
8,45,1258,98
10,25,586,113
64,18,543,86
7,0,221,94
12,18,517,112
17,44,621,73
8,44,818,94
8,8,79,82
8,80,330,106
7,376,41,152
10,0,127,115
10,28,220,38
8,44,269,76
10,253,595,25
101,351,486,130
186,351,791,32
14,326,994,101
11,39,355,114
83,1057,796,110
7,675,109,109
18,38,131,105
26,14,369,97
95,284,300,86
8,10,617,95
14,10,824,105
14,418,86,225
12,0,355,95
15,143,82,115
7,23,57,198
6,9,896,63
7,0,1004,85
11,22,827,99
7,0,529,103
186,540,271,102
11,0,121,78
18,38,1079,104
8,38,998,24
46,35,350,105
21,144,895,83
7,350,795,96
12,93,965,95
7,120,106,91
8,36,93,107
8,16,1097,18
8,25,123,52
10,253,497,25
12,22,193,23
9,51,1005,100
7,350,499,98
83,1056,689,100
11,0,702,114
9,25,845,95
12,0,72,97
7,8,14,8
8,17,132,20
17,0,516,31
9,132,262,208
69,30,708,103
194,1208,1095,99
31,136,715,83
12,32,593,98
6,79,669,46
34,22,259,106
8,29,206,102
11,22,335,96
25,32,368,26
21,22,518,72
9,78,682,103
97,386,149,201
8,31,788,96
9,33,93,84
10,3,539,104
42,0,605,104
9,42,602,97
9,36,935,107
17,3,236,110
8,17,604,99
11,43,619,94
8,35,220,188
7,115,249,168
29,486,690,93
12,31,548,96
13,97,499,17
46,53,305,119
40,22,493,101
7,28,394,100
19,64,571,101
8,0,143,87
11,28,723,98
11,39,580,182
7,38,492,100
11,42,115,145
8,31,601,104
8,27,107,298
9,72,627,93
9,25,818,177
10,35,804,90
8,36,442,79
null,null,154,92
25,43,511,35
13,24,455,81
11,334,96,94
10,0,822,90
12,151,686,27
9,24,184,125
13,25,216,110
10,0,411,21
201,1358,251,22
12,11,146,33
6,119,590,43
9,311,341,98
7,71,463,79
8,497,595,59
10,20,125,112
8,45,95,75
9,22,198,27
7,150,269,29
7,38,344,96
11,40,481,104
7,133,321,107
8,11,546,99
11,633,42,68
18,27,215,102
9,8,375,178
186,537,847,26
8,0,307,90
14,80,54,190
16,171,495,96
11,43,805,27
10,21,204,94
8,31,817,35
8,69,791,93
98,8,1024,89
12,23,995,109
18,24,246,100
9,103,147,221
9,21,642,83
9,22,519,95
14,189,771,93
9,27,407,111
177,352,876,86
9,0,746,102
29,258,97,98
8,22,288,200
9,31,920,26
8,31,803,101
9,29,229,53
9,398,103,156
8,112,529,83
9,783,122,101
13,32,946,91
null,null,421,103
13,335,204,20
195,1172,36,140
116,956,421,107
11,40,904,100
9,25,1004,103
127,0,728,102
8,20,118,204
8,256,380,24
8,26,447,94
21,44,930,110
17,112,939,42
7,0,297,90
21,44,772,113
19,33,842,93
9,46,417,107
8,33,661,94
10,0,467,93
177,351,768,19
8,31,86,209
8,46,629,111
7,120,413,89
79,21,647,97
7,895,202,94
36,30,334,100
11,32,517,87
34,28,201,109
40,28,471,108
11,0,418,97
12,9,424,104
10,3,709,97
11,51,96,81
8,111,422,105
8,2,95,235
69,28,419,112
11,28,595,20
11,129,99,109
19,563,495,97
9,185,279,95
9,67,396,100
21,312,497,103
12,0,276,123
14,426,768,111
10,3,317,122
18,46,1161,178
7,38,597,92
21,37,312,234
8,34,820,96
null,null,296,86
20,0,341,84
8,17,209,104
10,22,807,95
16,186,128,99
12,21,129,175
15,0,317,160
98,13,874,124
8,28,325,95
8,29,313,109
11,25,403,16
10,0,150,85
20,0,558,36
8,22,1158,103
10,12,709,16
12,25,937,103
10,0,687,52
7,24,600,107
21,312,215,277
9,16,407,96
194,640,888,85
10,15,230,189
12,0,78,161
13,97,331,75
11,25,200,17
9,77,204,86
8,46,815,95
10,25,870,110
8,31,443,92
8,17,541,93
8,27,1217,94
12,24,807,92
11,10,165,75
8,36,363,32
17,0,236,95
7,32,369,111
9,69,301,97
12,0,833,101
8,111,878,28
9,11,140,87
12,21,124,90
8,12,124,163
11,0,960,86
29,465,386,95
21,25,281,56
11,19,603,92
95,151,841,72
12,17,106,19
16,47,180,32
11,24,769,108
8,523,161,86
101,22,116,76
9,46,150,257
14,14,932,95
64,41,767,89
11,42,795,79
10,35,316,98
17,40,159,72
7,71,412,87
9,42,228,137
29,466,194,105
11,31,572,94
8,10,147,90
8,111,778,28
64,0,505,88
8,0,89,211
195,878,486,88
12,29,645,94
10,15,606,103
8,92,36,84
8,36,526,96
10,0,243,179
10,570,412,131
116,658,69,243
8,19,532,26
15,8,32,77
79,545,180,24
9,113,297,111
34,35,610,102
10,34,1181,104
8,8,390,113
12,28,617,100
9,46,901,110
10,0,640,102
18,0,914,95
11,18,424,16
9,19,597,40
12,0,50,64
11,21,179,114
6,131,797,94
11,236,620,59
17,113,909,35
14,0,319,103
11,12,208,25
11,36,621,53
11,36,734,95
9,18,753,93
13,22,727,25
8,17,325,99
8,10,98,76
10,22,372,112
11,0,463,94
12,0,522,109
14,418,321,65
11,20,437,108
9,7,756,34
8,45,803,93
95,519,591,103
7,12,814,100
21,44,310,198
8,110,777,101
12,17,708,102
7,133,143,163
17,0,373,98
95,151,793,178
8,89,685,103
8,111,490,98
8,28,735,119
8,47,403,94
14,10,245,265
194,559,451,26
11,0,304,94
186,476,581,97
195,967,86,197
189,641,774,32
40,28,505,25
21,0,817,95
11,13,163,119
14,14,458,83
8,836,795,97
12,1151,463,74
11,16,262,191
8,17,1118,93
9,555,156,116
8,330,674,99
10,104,438,94
186,1117,116,107
12,24,836,119
29,69,710,96
8,33,323,96
127,8,50,77
14,550,272,103
18,38,677,106
12,937,198,95
9,0,183,25
9,63,279,106
69,53,193,98
9,0,53,61
64,0,116,67
11,51,407,60
8,0,597,74
8,21,225,185
40,22,73,67
20,25,90,190
13,97,805,100
12,0,460,69
8,69,889,98
101,22,288,104
9,88,707,90
7,10,167,61
10,9,909,108
null,null,578,24
8,103,636,74
7,18,126,71
10,19,798,87
7,24,9,3
18,210,798,108
11,342,237,120
8,34,733,82
8,102,250,100
106,49,239,148
36,32,1011,36
95,1004,393,122
8,36,273,28
98,29,817,50
18,46,1055,100
8,6,173,164
11,61,419,173
9,24,814,25
8,39,584,34
11,19,508,89
8,165,97,195
9,39,828,94
17,44,583,111
16,24,377,40
14,474,980,96
8,23,600,182
11,28,505,88
8,36,822,95
18,18,544,92
20,25,795,53
12,30,493,98
8,95,447,80
14,10,338,191
9,25,117,97
9,51,336,99
8,15,403,36
null,null,219,34
12,21,319,25
null,null,633,96
18,38,309,94
106,291,587,108
9,64,783,26
10,33,748,101
null,null,664,128
20,1,191,36
8,22,152,220
29,41,479,98
10,27,112,18
13,25,106,87
36,31,117,206
8,30,923,24
7,350,471,23
8,30,325,30
8,0,611,95
7,19,466,102
12,1083,307,104
22,371,86,188
8,0,400,85
98,9,747,75
9,26,292,188
12,17,129,189
11,0,107,251
15,0,766,103
14,13,238,97
188,749,405,158
10,30,31,113
8,40,107,26
96,0,102,101
10,564,608,126
9,24,58,45
9,18,950,99
17,0,268,178
11,0,131,83
10,25,174,123
17,44,213,174
25,36,812,91
12,25,390,118
12,15,657,86
8,69,292,95
17,27,100,85
8,69,689,96
10,90,142,190
8,24,929,95
40,28,907,87
7,119,339,93
11,24,881,100
10,0,116,68
116,658,889,120
13,25,313,98
11,32,412,25
10,455,509,105
14,26,187,96
96,0,93,63
10,0,64,247
10,41,296,112
74,451,692,98
9,8,61,42
74,451,189,125
8,16,407,109
8,80,442,27
16,44,99,83
21,84,164,49
8,27,554,83
10,23,74,113
12,25,513,87
21,0,884,179
7,19,656,102
29,431,265,104
17,0,331,78
12,33,218,47
40,22,391,97
12,0,736,96
286,823,288,211
26,19,513,82
12,32,129,60
11,10,51,89
11,43,295,96
10,105,799,104
12,9,49,21
12,24,966,65
7,0,715,109
12,16,112,83
9,16,434,94
20,0,740,83
16,22,591,73
8,39,209,189
15,0,746,87
177,351,393,173
106,56,373,85
6,64,696,95
11,39,237,91
15,0,315,176
34,22,343,87
12,29,529,92
7,28,556,101
14,0,574,87
8,36,206,100
25,32,727,85
9,13,133,74
8,17,1007,98
12,25,328,37
10,11,158,16
11,28,905,92
11,36,145,199
8,21,153,76
7,30,335,179
177,210,1208,98
8,10,501,97
13,29,524,108
10,18,231,25
15,0,210,102
7,21,281,102
21,44,395,97
7,38,639,94
9,202,270,96
34,35,374,102
7,59,715,92
8,796,92,145
40,30,1112,118
7,119,530,99
9,199,581,100
10,105,106,192
101,0,431,91
21,44,490,90
106,291,416,130
97,232,518,108
7,28,193,91
12,23,540,108
8,69,692,103
10,15,143,83
9,8,202,38
188,358,699,99
12,83,587,185
10,256,108,109
7,0,87,72
12,937,41,150
10,0,569,74
8,352,392,96
11,21,534,90
9,31,92,115
8,36,166,102
10,21,404,23
9,30,523,102
20,1,315,134
12,385,398,100
98,119,608,100
9,284,566,96
11,342,547,113
18,6,433,122
21,37,585,96
69,39,129,100
8,111,286,28
7,0,607,170
18,42,643,106
10,10,42,29
101,232,323,51
98,31,720,38
196,1247,9,50
18,0,165,299
9,33,905,86
12,20,412,29
13,25,427,98
9,92,238,57
12,38,1039,82
10,29,151,71
11,28,147,177
10,34,93,195
7,38,409,101
11,39,172,178
10,5,34,16
6,44,354,107
64,0,211,198
8,29,157,45
11,20,81,96
18,0,1018,95
194,738,685,112
9,98,432,100
189,560,910,93
14,16,449,97
9,35,696,99
14,43,106,195
11,42,716,66
83,1432,115,90
9,0,78,207
14,9,814,94
10,39,221,95
8,32,413,103
10,48,258,178
8,30,529,96
7,32,193,191
7,7,163,44
195,1172,306,70
286,1292,604,90
10,85,381,98
10,19,613,180
8,28,84,80
8,120,1157,26
9,51,706,95
13,150,407,97
12,31,626,91
8,19,728,102
74,363,577,29
10,23,289,194
7,885,399,97
8,11,247,90
201,1358,70,111
8,24,537,90
7,0,360,122
9,42,819,99
186,1172,303,81
10,23,362,90
30,362,50,76
9,17,314,83
42,0,367,259
8,507,496,97
8,20,102,81
15,0,661,81
12,28,501,110
12,39,842,94
40,22,649,99
8,27,1112,100
9,10,71,24
6,125,1098,95
11,0,555,103
9,95,239,105
12,234,597,102
9,25,442,97
13,150,608,97
23,507,736,86
8,48,321,115
9,33,928,95
98,9,540,89
10,102,134,97
7,38,93,114
17,34,382,208
31,136,110,180
9,22,319,94
7,0,204,106
40,3,749,94
21,28,608,29
96,1,527,91
8,1,676,109
12,22,335,72
21,84,714,25
7,0,888,21
17,45,901,82
7,0,362,106
10,41,414,32
9,185,90,184
188,297,101,105
9,43,301,98
9,97,632,95
10,2,671,99
7,18,73,94
8,430,411,90
13,97,584,101
8,327,48,143
10,35,423,96
6,69,254,94
14,627,376,93
98,14,1013,63
12,18,637,95
106,29,560,144
7,40,686,16
46,53,612,84
30,34,801,91
11,36,707,102
46,35,617,96
46,40,374,178
21,84,744,29
15,0,101,50
31,637,415,103
10,90,850,91
8,44,422,92
26,14,829,96
21,37,956,94
7,141,81,105
18,0,173,68
12,17,359,90
7,23,641,97
98,8,924,93
12,1152,159,87
14,15,194,111
17,42,569,98
17,0,61,33
7,350,681,81
11,39,137,89
31,136,805,83
8,0,277,45
12,38,726,94
106,0,57,163
7,59,800,95
18,30,113,178
11,0,143,207
17,40,164,25
10,21,493,98
17,35,728,95
8,0,53,277
8,46,173,31
10,41,889,57
196,1230,12,2
7,141,302,92
7,13,136,125
19,595,177,95
10,23,197,113
9,31,922,27
7,37,93,158
16,511,254,114
8,50,325,98
8,2,725,103
10,24,339,84
14,13,849,96
8,41,286,97
16,297,113,98
20,1,457,89
8,21,361,110
17,95,138,63
14,413,503,75
12,29,985,103
7,52,59,57
15,0,47,31
8,24,184,213
7,0,941,109
10,32,780,97
8,12,125,96
11,6,68,76
8,131,728,87
7,137,608,94
15,0,340,22
17,0,365,79
98,3,109,99
7,11,395,97
10,10,40,134
null,null,309,77
8,47,702,96
11,51,287,17
9,7,82,170
13,161,64,39
12,32,267,118
10,24,113,191
9,4,566,100
11,43,47,161
10,0,564,99
11,21,928,97
10,23,798,22
101,232,793,91
8,42,907,62
189,533,575,110
7,157,201,162
10,102,489,99
12,30,699,177
11,0,224,75
9,31,219,17
30,31,121,106
8,50,229,85
8,48,133,96
7,0,1001,94
9,202,667,96
26,22,748,75
8,130,106,110
9,20,254,99
15,0,531,121
8,29,150,93
8,16,332,101
8,83,412,175
14,412,373,121
188,265,524,104
10,3,445,85
11,0,838,95
10,22,233,93
8,31,687,108
7,903,413,178
11,36,925,99
9,22,134,42
10,63,667,115
12,1082,521,75
186,1031,937,87
8,28,233,89
10,8,219,191
9,22,524,77
97,318,206,191
7,36,1110,87
8,24,979,96
7,0,227,211
9,17,199,21
8,21,653,93
10,0,442,34
8,42,995,109
10,29,321,95
13,29,939,121
7,0,396,95
64,0,718,86
21,0,197,91
106,0,977,95
18,0,400,102
12,0,636,93
11,0,508,89
8,27,606,101
6,0,494,88
11,8,338,105
12,234,284,88
8,44,349,119
9,36,731,96
106,0,482,98
8,46,121,132
8,42,305,97
7,0,897,105
15,0,439,110
31,646,230,99
8,35,205,85
8,0,702,94
23,956,77,207
21,36,685,92
106,291,320,90
9,0,112,89
8,206,199,97
95,713,616,175
16,22,502,79
46,25,348,96
14,413,949,112
8,80,308,108
10,41,117,176
286,823,872,114
14,12,554,90
8,32,701,104
64,17,441,98
188,749,898,89
286,1253,883,81
7,18,396,97
15,0,90,37
106,31,724,43
8,51,621,95
8,0,426,99
8,328,94,94
10,25,489,107
12,39,713,27
21,25,159,116
7,52,54,3
7,65,670,98
10,0,795,27
8,0,323,75
14,474,879,96
8,109,226,80
8,39,196,218
9,31,114,101
10,35,510,86
12,476,598,85
97,1253,615,95
10,34,424,90
17,0,813,97
9,46,1113,107
83,1529,411,89
14,24,352,98
7,45,492,96
10,622,208,97
20,0,464,95
9,45,45,102
9,36,62,176
9,106,625,188
69,38,338,105
42,0,816,59
7,28,452,99
127,0,616,108
8,48,631,88
11,19,920,176
42,0,277,98
21,37,1069,56
7,29,20,3
31,221,295,17
10,0,461,99
18,38,408,101
14,43,209,105
116,956,831,26
79,33,400,88
46,28,824,71
9,22,610,113
8,41,597,94
8,0,342,71
12,23,400,32
97,386,408,93
10,17,55,66
9,106,393,96
9,31,349,26
9,72,929,90
12,0,736,96
10,39,619,98
12,39,428,105
20,0,433,95
12,97,1112,102
8,18,398,21
8,109,106,116
195,1172,719,49
8,17,1010,102
8,27,131,132
12,31,820,25
26,19,401,114
11,6,271,102
11,28,1000,85
17,40,395,90
17,25,728,94
8,0,503,96
8,24,437,96
10,47,933,93
12,1172,909,106
15,267,306,71
8,16,999,93
8,91,754,97
8,17,653,86
9,4,129,45
12,28,317,175
21,37,625,106
18,39,476,29
6,74,895,84
8,17,604,97
21,0,224,91
8,18,763,113
286,1253,586,108
9,42,888,89
14,0,429,96
12,0,175,111
286,1292,684,98
18,0,98,23
11,342,362,82
16,21,150,89
8,43,629,91
20,77,652,87
8,23,410,101
286,1275,820,100
29,429,433,67
10,15,423,76
29,431,700,94
10,30,737,111
14,426,493,87
9,42,925,99
8,649,99,96
189,633,395,81
10,0,556,134
9,74,233,90
9,113,801,99
10,7,85,159
7,24,309,105
79,33,221,65
7,32,88,124
17,0,145,87
9,185,575,24
10,44,627,103
7,18,804,108
11,43,400,108
null,null,390,85
186,493,677,96
13,335,593,94
26,18,151,159
194,564,622,72
11,61,130,76
40,28,115,85
12,874,606,96
13,34,343,95
21,37,548,72
20,0,629,106
10,41,678,22
10,12,730,29
9,19,112,126
98,18,481,66
21,100,611,198
23,891,865,98
8,31,302,111
8,26,546,94
13,97,614,101
10,454,768,43
116,956,985,26
29,69,608,96
98,394,618,98
11,43,515,101
26,22,825,93
8,78,546,26
7,19,433,100
8,26,68,65
7,0,441,96
9,96,328,27
12,234,381,105
8,16,440,100
11,20,206,90
15,15,233,97
9,32,307,87
7,51,707,96
196,1132,75,6
189,560,819,91
189,384,292,52
9,28,134,85
9,42,541,95
64,0,1030,88
8,32,500,171
8,13,106,18
8,42,414,88
18,0,196,198
13,32,343,107
98,9,525,99
98,15,35,226
10,24,121,104
195,871,599,137
21,44,680,122
26,14,196,169
8,23,124,89
16,19,267,102
201,1253,399,69
15,10,255,101
11,32,187,176
6,58,499,46
40,28,284,106
16,17,429,93
14,0,306,100
9,15,43,24
9,306,286,107
10,75,106,180
12,25,487,36
8,36,321,97
8,24,490,106
14,557,348,85
8,34,529,83
10,41,705,101
11,20,324,92
194,990,101,203
177,208,523,104
10,9,630,162
7,438,287,108
8,17,343,26
17,19,915,19
7,0,629,74
7,32,116,248
10,253,393,27
9,46,1415,111
20,0,91,121
177,339,306,98
12,32,578,182
21,44,74,22
29,258,603,65
10,34,440,96
14,412,802,73
10,23,754,28
97,386,917,80
7,350,601,93
7,675,295,104
6,131,234,164
17,0,141,216
10,46,951,113
12,563,835,45
29,426,63,61
8,95,244,193
8,69,486,96
106,31,152,92
null,null,107,99
20,25,414,97
106,0,697,133
6,137,181,186
13,323,46,65
22,34,276,192
189,565,311,115
6,69,170,77
8,494,389,102
10,44,100,98
9,19,351,92
8,26,346,96
7,52,121,2
12,148,200,104
11,21,629,99
9,93,590,91
10,17,632,106
15,6,536,89
106,31,307,102
6,9,346,102
16,15,130,19
8,25,862,85
9,464,43,143
15,143,298,96
7,35,334,97
11,32,497,15
10,569,877,90
9,0,880,106
18,38,520,27
12,20,243,159
127,0,684,94
12,19,724,69
8,112,279,39
29,468,35,153
8,10,500,111
13,32,126,203
13,22,273,44
7,23,741,94
10,8,904,95
null,null,97,91
40,30,1604,114
9,312,130,101
10,34,357,27
46,32,511,101
11,20,303,16
12,31,141,189
8,23,550,119
97,318,881,97
9,37,922,95
15,37,357,94
101,524,169,110
15,0,355,76
18,88,741,93
8,31,415,93
12,11,72,188
11,16,458,177
7,23,440,94
8,44,133,119
10,23,89,64
36,32,528,100
7,28,518,104
8,29,125,97
36,32,809,26
95,705,506,105
13,87,179,283
9,20,655,94
14,416,683,95
82,76,328,105
97,318,644,51
46,28,701,114
10,23,823,182
7,350,94,189
9,37,314,95
9,15,122,89
11,129,600,103
8,414,322,85
40,3,82,253
8,34,622,93
20,25,86,116
18,10,45,87
13,0,419,122
82,31,729,116
7,153,355,102
98,32,416,75
12,12,298,92
8,30,827,94
8,34,927,97
11,32,231,100
11,895,39,109
10,39,340,105
9,67,117,169
7,19,258,182
10,569,976,103
9,586,701,90
11,21,348,172
21,25,647,85
9,41,207,108
7,29,14,4
79,33,155,63
8,822,288,99
82,74,162,155
12,19,628,97
8,42,308,94
7,29,499,170
36,32,634,110
16,848,122,95
177,210,907,181
10,564,133,188
10,0,265,102
12,117,110,76
8,330,492,174
20,0,828,96
8,33,1161,97
12,0,692,101
10,0,146,82
9,37,414,101
7,154,137,55
8,21,648,128
7,846,39,79
9,26,216,93
8,25,336,69
7,47,613,89
12,0,688,113
11,0,148,76
10,29,126,19
8,42,312,92
8,796,386,101
11,36,823,96
13,94,883,178
8,33,626,97
16,171,173,29
7,26,709,75
7,32,673,105
9,394,864,98
30,26,301,29
8,27,644,113
8,165,406,87
8,523,84,72
83,515,141,162
186,1186,218,192
8,30,953,90
116,658,503,108
8,162,608,98
98,448,102,132
21,36,1077,186
106,0,225,117
8,110,373,80
11,30,39,38
13,94,1075,110
9,31,750,31
7,0,738,75
11,0,526,85
9,47,414,128
12,9,531,96
188,409,195,102
13,94,1380,108
64,0,908,70
13,25,416,102
16,288,287,102
8,21,96,140
11,36,430,100
12,26,234,217
9,40,101,114
7,32,611,94
10,42,79,148
17,25,828,98
8,17,323,110
7,59,65,142
18,38,95,145
7,47,196,121
34,35,510,95
11,20,508,107
8,39,114,92
189,633,521,31
11,20,233,98
10,23,403,119
14,19,56,179
101,232,183,43
8,24,830,95
18,30,596,99
7,33,630,93
10,17,727,28
9,35,335,114
8,18,79,19
8,43,523,97
74,444,610,105
11,0,126,190
46,22,717,84
10,17,138,179
12,11,507,29
12,32,129,116
11,21,628,82
7,13,331,90
12,874,398,78
13,94,1263,109
10,24,357,95
10,9,630,174
8,12,696,103
11,0,826,71
7,10,231,96
13,32,139,124
18,38,253,89
7,15,284,90
9,66,196,106
21,144,129,79
64,18,730,80
8,39,421,106
7,29,33,8
9,33,717,88
7,23,293,96
12,22,232,91
10,7,466,80
11,17,618,90
11,32,483,97
186,1186,1098,108
9,12,100,18
7,350,473,93
11,21,736,87
194,640,295,94
9,394,558,99
7,16,12,4
18,46,150,196
188,322,341,109
22,372,706,79
7,24,1004,92
8,46,301,149
96,186,587,91
8,32,307,102
11,28,434,93
13,15,84,166
11,0,460,27
8,23,122,36
11,129,478,30
98,393,111,193
10,256,622,93
10,90,1119,27
10,50,343,88
14,467,601,72
12,0,134,153
83,1529,298,103
7,0,160,193
13,34,916,97
7,249,606,100
7,14,224,88
8,30,605,99
9,74,211,18
11,51,361,41
9,306,90,189
8,32,811,104
13,150,809,94
9,36,647,100
13,13,118,61
8,42,139,96
10,23,526,96
8,0,377,59
97,318,984,102
11,32,369,107
8,36,100,157
12,1151,257,187
18,27,316,98
12,24,103,90
97,386,990,114
9,16,96,101
15,0,104,72
8,16,141,184
12,0,537,102
7,21,642,87
7,32,889,95
12,11,75,141
20,25,213,105
7,4,482,70
20,25,286,94
12,563,759,68
10,39,1021,96
177,200,632,165
9,24,494,40
8,18,619,102
11,35,228,180
21,651,76,224
18,19,324,26
8,38,492,102
13,87,896,88
96,96,784,89
11,0,88,75
8,35,91,30
69,30,543,160
201,1052,919,108
13,32,536,95
11,7,241,96
10,24,522,99
8,17,506,98
10,23,564,26
9,405,604,95
10,0,232,126
8,69,116,179
12,21,123,86
12,11,44,44
9,18,849,96
9,542,288,96
12,26,761,69
40,21,444,95
7,0,93,34
42,0,618,76
8,42,601,106
13,97,122,197
8,89,185,22
12,25,783,109
8,34,126,108
17,45,784,113
98,3,212,97
96,98,479,98
9,35,325,79
12,234,108,167
9,93,105,175
7,157,593,100
13,585,299,175
9,20,207,197
95,102,167,121
9,31,619,31
17,35,166,181
10,19,97,164
195,955,736,81
null,null,704,83
23,891,983,127
10,25,897,100
12,25,83,64
23,1037,629,79
196,1266,375,5
21,606,805,93
16,161,70,53
188,348,91,209
12,18,411,98
10,0,931,94
34,39,211,112
12,689,395,108
11,22,738,94
9,40,450,83
14,14,495,103
30,361,131,80
7,126,516,95
18,0,205,98
127,0,780,94
13,335,293,109
8,32,121,179
9,37,301,91
21,36,969,103
9,464,192,97
18,39,191,94
10,151,529,153
8,43,92,44
9,81,523,25
9,0,531,78
26,20,723,42
188,89,487,23
8,12,822,103
96,96,687,92
9,46,534,186
9,16,174,50
18,34,102,210
13,627,102,92
7,30,196,110
15,267,382,116
10,67,118,173
177,210,1095,107
9,42,923,95
8,33,655,99
19,64,301,72
14,10,160,81
69,41,915,95
25,43,219,106
9,38,507,99
10,26,322,95
31,77,786,114
9,31,150,53
42,0,711,93
34,35,722,96
106,31,913,89
12,17,530,88
7,133,627,96
10,12,612,94
12,22,220,108
10,20,705,89
46,11,41,144
106,291,741,38
36,32,435,88
9,46,111,300
16,15,152,65
8,35,598,82
9,68,689,100
19,33,52,198
11,118,931,106
116,462,740,145
42,34,202,87
12,18,807,104
15,0,612,109
20,25,493,75
46,32,114,142
11,22,520,112
9,106,527,95
101,232,580,102
7,143,90,172
8,20,115,88
186,1172,697,73
11,16,170,33
12,29,239,100
10,256,222,100
null,null,310,100
13,40,142,193
18,34,587,92
14,26,42,139
9,80,573,98
8,0,244,26
12,25,345,95
9,36,525,28
7,675,225,64
9,0,721,27
13,34,439,95
12,385,319,72
11,57,116,83
127,0,485,92
18,25,281,97
286,818,996,97
98,6,301,96
11,0,641,85
9,20,805,111
12,238,399,95
30,68,123,176
15,0,34,26
12,28,836,88
9,51,119,102
8,17,706,106
19,65,498,67
22,31,533,96
10,63,471,119
7,0,536,80
83,791,573,174
101,524,599,102
7,18,711,23
18,0,437,91
18,38,440,96
11,0,465,102
10,34,882,98
8,95,109,99
11,43,214,103
82,76,593,47
40,30,1235,174
18,38,344,91
26,462,327,108
23,507,323,86
98,9,585,80
13,30,846,129
64,42,105,105
12,32,98,23
16,25,456,58
9,18,471,86
7,6,357,78
10,39,659,108
10,0,752,90
9,526,531,68
10,18,478,103
19,33,368,106
19,33,555,93
11,36,226,130
12,23,301,88
98,27,43,66
74,444,387,100
101,412,478,112
13,150,510,94
8,28,428,27
8,1,305,80
98,9,431,60
10,7,50,151
9,0,782,20
9,30,521,140
18,19,136,119
21,44,163,64
18,34,1097,109
8,43,433,82
9,36,360,95
15,0,197,114
186,476,96,181
14,332,880,105
10,28,633,96
8,112,714,100
9,25,137,184
15,0,426,94
11,32,312,26
127,8,441,28
8,19,381,80
7,28,734,99
13,22,241,93
13,19,439,96
11,0,367,87
7,35,56,2
8,118,618,94
98,449,239,97
7,21,101,148
101,31,779,132
9,16,298,105
10,459,741,54
13,24,86,95
9,134,673,108
8,19,322,106
7,20,343,94
9,38,206,99
10,0,66,19
82,22,364,97
10,9,806,93
11,21,449,39
7,0,96,112
11,57,126,115
10,20,307,29
7,24,496,101
9,11,113,36
17,19,820,87
8,24,425,94
7,71,302,114
36,31,411,107
8,0,486,35
40,21,752,88
16,297,399,105
106,0,173,207
21,0,1188,94
8,30,343,94
8,31,710,104
116,663,1007,91
116,353,187,110
null,null,735,105
11,0,330,75
13,627,199,100
16,22,237,78
11,40,1184,93
8,22,462,108
14,35,219,74
31,221,386,99
10,9,407,104
34,36,316,120
34,36,183,120
7,133,900,90
12,29,548,95
7,126,425,88
8,46,120,91
11,16,837,94
6,79,480,49
11,0,220,101
177,464,112,188
46,44,1017,92
12,0,446,82
20,25,688,102
12,21,810,29
8,36,169,16
42,0,299,26
12,25,145,148
7,71,505,39
8,17,141,126
11,337,318,101
9,61,72,61
11,16,83,59
11,51,493,115
95,151,602,85
13,83,421,27
8,47,64,166
7,133,509,111
15,0,81,70
82,31,902,49
106,29,818,89
10,50,93,45
11,119,57,81
12,45,739,97
10,19,91,219
9,43,215,78
8,39,480,104
7,126,414,98
95,554,83,19
186,351,194,175
10,14,478,116
10,35,418,86
101,31,656,113
82,76,494,25
16,44,398,79
18,43,358,106
8,29,453,110
9,20,160,42
10,24,352,107
9,25,96,200
106,291,784,112
12,38,521,102
74,451,574,113
18,46,868,112
20,25,572,86
14,426,679,28
9,41,323,129
12,20,524,54
7,140,214,90
127,0,929,99
195,1033,745,89
9,38,312,82
7,126,170,114
11,36,944,93
196,1216,13,6
18,44,569,105
9,29,629,28
8,9,30,49
8,30,92,161
11,0,178,79
11,141,692,88
29,69,321,98
83,773,597,83
10,41,879,99
null,null,570,32
19,67,854,32
21,37,784,176
18,35,193,83
20,0,670,92
12,21,302,99
7,18,248,103
12,20,625,85
7,885,104,111
101,111,415,78
9,20,358,96
9,39,380,100
11,119,305,33
8,11,356,77
8,796,282,97
6,15,97,17
10,15,292,94
12,96,723,180
8,39,402,70
9,18,97,108
11,41,908,25
12,0,1010,27
8,816,380,118
15,0,165,186
177,359,573,110
12,0,79,40
189,632,290,31
11,19,704,96
116,956,154,169
17,24,465,80
12,232,492,101
10,47,519,90
127,0,59,205
8,28,1084,110
101,0,232,86
9,72,524,98
9,11,491,85
10,21,38,268
18,86,512,94
9,12,264,102
8,39,245,170
9,445,486,93
101,31,256,157
14,12,646,99
16,21,108,172
7,0,388,30
8,31,392,103
10,12,129,192
11,16,751,82
8,35,185,26
13,93,311,45
10,35,811,26
8,23,657,37
17,44,211,184
10,39,817,99
9,42,343,97
83,791,363,97
186,1031,644,90
8,2,446,93
11,32,191,30
6,27,580,92
42,0,425,175
10,0,87,108
34,35,818,97
10,41,586,21
7,33,491,73
7,32,394,100
8,24,410,162
8,30,506,174
9,337,709,86
11,61,212,95
11,0,871,98
8,44,299,21
12,874,794,113
23,956,318,90
186,1186,94,119
10,29,676,99
11,0,849,92
11,20,338,95
12,385,514,73
14,9,431,86
36,64,238,97
194,640,590,78
286,1253,770,107
9,110,324,96
101,120,495,19
13,19,539,92
10,253,48,156
36,35,695,86
13,36,532,27
97,318,544,75
8,0,487,32
14,426,990,77
17,35,831,82
83,1529,711,71
13,97,490,23
8,414,222,96
7,21,78,66
9,12,110,19
11,33,409,95
31,144,695,78
8,53,72,152
7,30,227,104
12,874,710,78
8,46,828,115
9,11,343,97
106,28,425,118
8,25,630,105
13,97,694,103
12,727,221,189
11,28,405,96
13,36,79,174
106,33,70,57
13,29,651,104
21,84,409,18
8,29,421,26
9,77,49,148
12,23,710,104
16,511,116,26
31,646,120,105
14,0,474,21
14,418,727,86
46,53,144,149
9,4,92,41
97,444,807,80
9,111,465,92
10,28,505,104
10,17,469,38
7,15,159,87
8,50,428,84
8,23,613,38
8,23,790,103
106,49,135,89
11,36,535,90
10,69,265,118
7,19,255,172
101,31,540,91
17,0,447,98
7,38,212,92
101,0,1097,116
16,50,381,114
9,86,608,112
7,35,713,101
10,20,647,84
9,11,242,77
7,42,327,110
7,93,366,96
16,21,250,55
7,34,678,104
9,24,585,120
13,93,434,63
10,97,119,39
7,28,840,99
18,38,788,99
46,32,115,165
106,0,399,89
13,87,688,198
11,16,717,99
101,31,929,140
196,1216,102,2
201,1034,329,75
36,43,217,102
10,102,268,115
14,426,893,89
22,34,85,181
7,32,573,95
21,0,201,49
11,43,572,22
10,50,523,111
11,7,855,103
12,14,79,67
18,0,430,98
7,36,706,101
11,20,422,94
8,140,88,106
10,19,327,27
9,72,492,29
40,14,1024,100
11,119,147,75
17,18,800,186
101,229,315,88
15,11,37,31
9,526,226,193
12,234,271,109
9,8,354,97
7,18,89,56
188,179,512,106
7,38,316,93
14,14,1031,111
8,29,511,117
9,111,295,86
8,25,443,80
7,18,67,52
8,42,454,106
10,32,459,103
null,null,795,90
98,27,334,83
17,27,192,101
46,35,263,82
8,33,807,94
13,140,147,202
8,0,335,67
null,null,490,179
7,126,102,216
9,91,953,28
12,38,318,198
9,69,321,100
7,45,688,21
195,1172,681,31
8,25,639,85
7,32,1060,111
18,38,893,179
186,1031,450,77
8,69,491,96
101,351,341,120
186,476,488,88
10,91,829,145
12,0,346,87
95,143,579,24
9,25,335,102
64,0,195,85
7,0,48,17
9,113,597,91
8,36,118,99
188,409,321,17
98,5,852,91
9,25,216,111
12,18,409,100
194,640,675,106
21,84,605,77
11,41,808,26
12,22,419,39
17,0,725,26
177,345,389,109
42,0,589,32
7,249,490,24
11,16,639,99
18,46,749,112
11,28,624,93
8,103,922,88
9,72,725,93
10,34,672,103
22,34,475,106
17,0,63,79
7,0,551,70
127,0,314,113
8,118,378,196
83,1529,114,89
8,165,498,101
9,10,397,63
11,16,844,100
40,30,702,87
9,0,305,97
11,17,740,95
189,637,504,79
7,18,738,94
7,0,829,83
7,18,123,78
9,96,154,100
79,35,505,76
12,29,744,95
7,30,520,98
96,434,202,101
7,14,114,93
7,33,257,77
11,42,198,102
9,522,607,92
196,1266,491,4
9,38,1012,72
9,185,379,92
8,23,297,97
13,585,481,109
7,157,505,85
9,493,92,41
79,35,586,37
82,76,701,37
7,145,191,41
8,8,705,96
null,null,320,25
11,42,415,106
12,1151,549,103
7,28,92,109
17,0,261,87
97,318,754,122
10,27,192,22
30,68,501,93
7,35,1172,97
10,107,817,100
7,33,175,74
69,27,230,96
9,25,247,112
11,42,268,82
9,11,241,108
9,46,938,115
6,515,358,154
10,14,654,109
286,1293,314,83
7,443,509,105
17,34,214,95
10,23,695,106
7,350,697,96
9,16,583,108
8,23,840,102
11,0,228,106
20,15,426,27
9,25,809,27
22,400,92,93
6,27,484,73
7,0,791,99
20,0,639,100
9,25,305,26
8,17,712,107
7,229,46,62
101,524,285,184
11,32,223,82
11,32,327,90
10,473,492,118
10,0,432,103
10,15,126,61
10,105,630,93
null,null,287,94
8,36,723,96
8,46,107,91
7,21,747,85
9,38,400,101
11,27,222,42
9,24,557,86
15,34,156,56
17,21,231,115
18,0,85,35
18,30,701,94
10,23,287,110
7,0,470,169
42,0,226,115
7,140,430,101
8,24,688,97
18,38,821,97
21,44,592,78
14,416,286,129
106,0,796,102
12,117,377,94
196,1266,478,3
9,13,32,122
40,22,198,186
9,25,594,99
29,258,489,55
98,430,220,73
7,36,993,110
30,33,624,175
10,3,775,173
12,21,721,74
10,24,457,96
8,6,86,24
17,31,782,99
7,32,690,111
8,18,1010,103
10,25,529,94
8,1,226,97
9,18,651,96
13,35,653,95
127,0,583,95
9,13,59,103
17,0,134,194
16,25,538,73
9,0,1025,70
11,39,771,105
7,42,222,91
10,0,786,26
11,136,93,198
16,553,103,82
14,24,460,109
16,28,716,96
12,45,1016,98
9,555,276,103
29,54,122,195
9,464,402,91
186,1319,43,77
7,40,407,183
15,143,398,87
8,0,707,75
8,12,1005,107
186,1186,423,104
82,74,812,86
8,44,676,105
9,62,198,101
46,35,460,175
8,17,1111,90
26,20,925,93
9,39,509,42
18,27,509,94
18,302,96,16
9,19,242,93
22,31,854,85
188,348,79,109
7,71,987,101
8,25,216,111
9,0,322,134
8,66,385,28
18,0,308,87
34,28,54,138
18,0,532,89
8,33,1266,91
10,35,342,90
31,902,35,65
12,32,99,273
16,29,155,87
9,25,421,96
10,39,276,101
8,23,739,98
83,803,1107,103
7,14,269,84
8,24,1081,110
196,1216,30,59
8,2,101,69
12,35,142,85
31,147,929,82
8,10,392,101
7,59,511,90
9,20,856,94
8,30,353,89
82,74,606,95
64,0,796,105
10,63,786,83
15,0,490,100
11,13,144,100
25,29,616,95
8,20,133,204
10,24,818,102
10,16,257,191
8,109,390,93
9,11,217,90
7,7,182,92
8,43,228,105
7,39,209,45
8,36,524,95
11,141,298,186
7,118,849,79
8,88,518,93
15,6,629,108
106,31,475,66
9,8,244,75
7,38,898,175
177,351,670,92
127,0,64,162
98,5,269,108
29,472,590,89
10,24,428,82
14,416,968,107
30,68,312,86
11,9,355,170
13,22,627,26
95,151,721,112
7,34,622,92
13,97,524,86
8,17,118,87
8,39,693,95
16,19,118,138
8,25,408,93
7,71,758,105
19,595,86,84
195,871,297,95
12,25,302,22
12,7,166,119
46,25,552,96
7,93,288,74
14,416,1181,184
46,25,449,95
9,555,457,79
12,23,141,153
7,30,39,14
7,17,739,95
9,526,114,16
10,26,906,104
8,23,458,84
11,13,80,66
21,0,163,32
98,18,777,80
14,457,684,113
11,32,103,17
26,462,125,196
7,0,848,104
8,113,982,97
106,31,630,90
7,71,674,73
8,0,211,110
9,111,77,203
106,31,155,148
31,136,497,98
13,335,495,88
95,143,102,198
9,31,303,23
7,38,800,93
69,42,730,80
9,0,601,173
10,28,264,165
8,39,810,92
8,27,139,100
null,null,393,72
17,34,350,101
8,39,418,105
19,67,783,63
16,28,516,91
22,34,376,109
8,17,148,173
10,35,710,90
186,498,367,96
12,11,104,102
9,13,212,91
9,512,711,92
186,505,766,94
97,386,512,108
11,21,152,173
17,0,443,98
9,97,549,94
null,null,468,33
29,41,694,107
98,393,725,108
10,22,608,97
11,118,733,107
12,28,196,115
10,102,336,96
12,38,640,78
16,25,869,104
8,0,166,54
14,6,733,93
7,441,98,181
7,438,399,104
36,32,909,37
40,43,106,105
11,22,439,72
21,0,319,99
17,40,195,93
10,622,91,111
8,36,399,107
9,0,621,95
9,12,59,203
12,21,821,78
10,46,847,95
13,35,552,89
9,103,570,92
8,5,44,41
9,13,164,95
194,564,866,25
14,627,94,107
96,14,716,102
10,27,582,97
12,32,1093,175
7,33,339,97
21,0,1088,23
7,19,491,104
46,25,74,79
21,44,232,89
18,86,605,101
8,47,900,25
11,37,405,97
9,29,830,25
12,0,256,88
10,24,83,154
79,42,133,162
11,141,790,105
12,39,539,28
11,37,610,28
79,35,804,80
9,394,663,95
17,40,498,120
7,0,746,97
8,496,307,155
7,18,812,174
8,409,292,83
20,79,973,82
7,127,710,47
17,44,395,84
10,15,327,99
95,288,599,85
21,14,532,102
7,59,630,80
21,25,177,49
7,707,479,186
9,29,733,25
null,null,191,115
11,22,723,108
8,31,316,47
10,570,737,47
12,97,1014,93
10,27,613,87
10,35,202,110
12,39,440,97
79,18,843,92
40,28,125,153
79,35,302,111
14,332,667,108
98,8,818,102
14,416,99,180
9,13,85,39
9,100,635,103
10,23,1012,101
9,17,148,48
9,0,915,133
17,0,543,95
9,542,392,100
10,9,1007,94
10,58,130,98
8,32,118,187
9,38,310,172
186,1186,705,100
10,0,541,103
116,353,470,24
7,33,331,49
18,18,30,100
11,8,628,85
13,25,604,119
19,66,681,66
9,0,1097,175
11,43,785,94
29,69,811,98
19,33,660,94
7,0,783,93
40,27,642,96
8,112,615,95
9,21,733,37
9,464,295,101
9,37,519,102
10,24,438,92
7,0,100,193
10,438,287,26
7,14,26,4
6,134,429,33
8,26,607,91
9,12,568,83
13,585,174,119
10,35,153,175
201,1362,404,81
7,40,812,173
10,50,203,98
21,37,1272,93
101,291,89,213
7,0,250,55
17,0,184,97
19,33,268,94
17,0,255,45
9,199,477,99
11,24,344,94
10,446,487,76
7,18,215,96
10,23,105,100
18,34,684,88
14,189,977,82
10,17,427,96
8,45,417,94
188,352,419,98
14,17,38,48
16,171,277,105
98,110,279,107
null,null,530,97
40,3,116,53
11,57,448,97
286,1253,989,23
12,25,195,27
8,107,160,79
12,563,693,46
8,0,379,177
10,23,242,114
7,28,434,86
7,28,484,19
201,1247,563,31
14,15,43,27
74,791,753,105
74,730,475,102
83,1049,135,173
9,512,925,75
22,34,941,109
10,15,150,102
11,0,950,97
9,8,195,145
8,19,342,71
9,34,842,89
9,306,400,181
9,25,460,90
9,88,1101,104
23,956,452,128
189,641,810,111
7,19,756,100
8,62,195,34
7,32,439,175
7,26,123,186
9,13,37,44
21,37,736,99
177,341,47,130
8,15,532,29
69,39,630,104
97,386,1127,89
46,44,1121,105
9,0,60,65
12,25,995,88
18,0,1048,108
8,19,270,104
9,29,734,107
9,0,493,103
9,20,556,94
8,31,508,101
15,0,293,100
10,0,330,67
11,13,151,94
9,0,651,160
7,33,78,121
98,18,861,78
189,565,764,57
8,20,116,102
9,46,1018,180
12,39,128,204
9,21,423,92
null,null,387,98
7,28,664,94
9,51,613,90
7,10,331,181
12,39,540,101
9,80,472,28
11,22,82,51
186,1031,542,87
11,20,135,96
6,27,676,78
8,22,878,180
82,22,467,99
8,25,749,109
7,350,868,37
40,28,217,119
17,19,1284,110
46,25,652,96
7,63,430,88
11,17,945,100
186,1186,817,102
13,585,595,106
7,19,449,95
79,545,209,91
7,38,515,103
9,16,117,286
101,31,76,179
9,16,106,186
18,39,495,102
7,23,68,160
17,40,327,97
7,33,45,25
8,69,392,94
9,555,546,111
16,13,134,86
8,20,358,103
11,0,568,96
17,45,487,79
8,23,898,99
10,23,306,104
8,1,124,94
8,16,155,118
10,5,1002,95
40,22,146,189
64,18,822,18
7,20,567,77
9,15,125,71
8,409,272,16
12,18,107,30
8,10,603,103
8,10,380,172
10,23,222,107
16,27,284,110
10,0,360,97
11,342,450,90
101,118,36,80
21,90,219,185
8,31,540,82
8,80,147,99
25,32,141,222
10,0,338,162
20,1,132,90
42,0,336,117
10,35,538,28
82,74,325,102
8,46,436,108
9,136,863,104
18,38,389,102
18,27,419,94
26,12,476,96
10,24,89,101
8,0,107,101
7,19,864,93
10,31,298,107
10,105,311,107
8,10,568,30
11,13,82,46
8,27,1000,106
29,41,383,26
9,0,430,43
96,187,384,82
106,0,854,128
9,36,667,77
6,79,570,29
11,118,520,95
26,14,316,77
9,39,95,210
25,36,339,100
10,19,485,19
11,22,838,85
13,94,172,528
12,32,379,105
8,46,240,78
194,640,789,91
10,569,548,37
9,42,812,107
9,14,211,64
7,15,82,85
17,44,810,90
106,29,661,74
11,36,524,53
9,25,826,95
14,0,696,99
36,30,591,97
7,29,381,110
186,1172,500,76
9,62,627,91
10,19,507,101
11,0,392,93
10,24,250,103
7,38,696,99
9,526,428,97
20,77,761,78
8,0,378,41
11,24,419,79
8,36,423,96
82,76,798,101
10,14,102,40
186,538,478,94
7,30,819,97
7,33,331,79
201,1040,820,84
186,1031,807,112
9,96,535,96
8,36,694,112
82,80,1007,99
7,28,310,170
8,26,67,49
10,35,162,107
7,18,288,102
96,0,400,110
9,284,151,114
10,105,909,88
6,9,778,97
9,25,1113,99
8,42,565,91
15,7,847,89
9,62,303,101
10,34,378,190
8,10,348,105
11,35,632,112
9,80,83,207
18,35,117,65
18,6,907,112
10,438,410,92
30,34,901,99
46,53,811,89
26,19,233,174
9,60,134,183
9,93,286,95
9,62,30,162
11,0,490,97
8,88,922,98
8,23,240,92
201,1311,476,66
9,185,477,94
12,25,384,44
46,40,193,174
40,22,555,90
12,21,225,84
8,118,717,96
14,416,781,180
11,236,424,101
101,120,690,98
13,152,705,94
15,143,201,92
11,141,493,99
98,25,405,87
9,41,212,98
8,11,440,93
9,68,794,94
7,33,516,95
8,80,502,109
17,22,126,33
30,68,599,97
6,5,36,80
15,0,132,191
12,19,524,78
21,44,691,19
6,0,123,181
9,24,445,106
10,35,485,102
13,36,266,182
7,47,910,96
21,44,293,109
7,93,469,82
40,30,1725,179
10,31,644,82
13,25,104,201
98,32,55,100
15,0,724,88
8,32,596,96
9,39,892,109
195,879,809,99
10,24,738,120
17,34,460,105
7,523,581,102
7,131,819,96
10,63,594,67
9,19,755,95
8,31,1090,99
34,28,385,32
17,6,34,86
10,42,414,95
14,12,346,105
7,26,410,34
9,25,908,26
11,24,538,90
11,32,585,175
95,554,106,72
10,20,435,96
8,88,797,98
18,6,1024,90
196,1216,93,4
7,35,815,93
7,28,1051,100
9,17,230,80
22,371,394,114
16,18,229,78
8,31,530,88
7,24,61,246
7,0,395,103
98,18,680,84
7,16,98,185
10,0,62,50
12,46,480,97
8,10,560,95
25,36,35,80
9,26,315,19
9,702,93,18
18,0,66,44
8,42,129,167
8,17,428,95
64,0,1006,64
11,39,951,96
7,0,305,101
9,72,133,94
6,0,592,102
7,51,85,33
20,0,254,106
9,92,422,96
13,25,528,69
127,44,879,104
8,29,125,100
8,32,682,100
8,86,133,168
8,26,841,97
8,24,69,109
8,21,105,69
8,21,563,89
9,8,145,33
7,24,287,88
17,0,334,100
11,51,185,95
7,38,540,94
10,22,166,46
11,57,345,98
96,0,93,82
12,11,504,99
11,0,607,96
10,581,209,183
14,6,218,98
12,21,28,16
46,40,686,102
8,1190,627,77
17,0,705,106
7,131,921,90
196,1257,351,1
11,32,192,67
101,22,98,181
101,0,86,140
8,31,910,181
9,39,488,18
12,23,893,94
7,18,541,85
8,37,703,108
8,0,801,98
13,18,354,81
12,18,260,80
6,131,902,99
9,185,673,25
8,39,76,36
7,133,735,154
8,409,378,16
201,1253,100,161
7,249,398,78
10,47,237,169
10,17,428,96
11,6,240,25
12,25,607,100
7,400,86,101
10,12,225,23
177,352,68,30
201,1337,677,26
7,39,103,37
25,36,1016,93
96,98,300,76
11,43,672,106
15,6,274,40
9,45,748,170
19,33,759,80
9,39,488,20
17,44,181,29
12,23,554,94
16,28,917,94
9,65,120,149
10,13,123,85
189,641,676,32
10,35,218,28
8,33,460,95
