20,106,1850,108
12,5261,1580,198
6,26,1957,206
11,7770,1284,198
10,5334,1496,195
9,864,1677,107
17,1837,1874,198
13,6036,1701,195
154,15,66,200
7,101,574,111
9,90,71,283
99,12878,2299,202
37,6419,1683,199
12,38,946,197
6,9345,1103,195
99,14729,1692,192
null,null,1507,193
9,58,477,207
84,52,540,214
9,128,649,109
7,3086,1295,111
10,1948,1342,156
11,2189,500,182
7,2471,192,404
13,143,1518,195
12,1931,700,107
7,4387,1496,205
10,1928,596,207
14,4885,299,400
9,7881,1389,191
9,281,1593,208
7,108,317,111
71,3767,903,200
9,561,146,197
99,16052,502,199
71,3769,213,198
9,0,54,167
8,954,488,109
15,122,1303,192
10,5200,989,110
8,102,754,199
10,7547,1074,197
15,7876,595,182
6,3993,1988,221
null,null,1203,206
9,6657,694,193
13,6240,697,195
14,3040,1706,110
9,1749,153,198
73,4199,1798,202
10,11639,705,199
7,102,1284,200
8,2973,1190,205
9,864,1791,195
99,12878,2003,206
11,2148,118,353
11,2168,408,292
7,30,1169,198
154,712,706,207
9,32,323,290
7,15,39,210
198,3606,811,289
10,235,1877,109
13,3680,124,377
7,678,1570,196
15,3863,1206,192
9,1354,1596,192
7,31,1989,199
7,113,807,203
9,1266,604,108
8,3502,1101,194
7,6273,969,205
8,89,1219,110
13,13,332,199
6,731,1803,197
12,1268,1382,114
7,21,584,207
7,7,1464,197
7,85,650,218
9,10656,1557,201
12,2495,595,198
7,2523,780,201
11,2862,398,196
7,147,896,201
15,3810,196,304
7,974,1572,114
13,24,2182,200
7,1635,1777,198
14,9,733,194
102,11523,113,388
9,5679,1690,194
13,4683,1498,195
7,5045,599,194
7,2830,1400,104
6,10257,1097,111
7,7054,1494,201
11,1299,1873,111
13,147,548,194
7,5785,2206,198
15,2082,807,220
6,739,835,108
6,127,529,194
7,9345,886,194
6,97,99,307
7,8119,179,302
9,5731,795,199
7,173,1412,193
13,4675,910,189
6,7260,1268,108
13,3579,687,110
9,287,599,199
10,711,289,397
6,8054,1512,284
13,6036,710,188
7,745,802,193
15,1601,198,407
7,611,200,492
9,652,381,196
10,1752,2092,200
7,570,515,113
9,159,1400,192
15,5278,183,328
7,2143,1177,193
71,3462,1307,192
6,3355,610,200
13,106,1748,195
12,301,911,109
7,4272,582,195
18,15,1819,118
7,3266,496,112
13,186,1079,196
21,10685,1588,200
12,1893,365,188
12,8596,1306,193
7,2651,599,194
7,133,1137,198
7,2286,2212,275
11,7770,486,194
9,5854,1508,197
7,750,108,182
15,1605,1495,106
164,2394,1776,208
9,31,1310,110
7,6428,1072,107
9,11664,1504,195
11,2267,1710,110
7,796,2092,290
99,13737,291,207
null,null,1709,200
10,483,197,502
6,10,1479,200
7,357,1391,113
7,0,553,111
71,3767,503,196
15,5937,1608,190
6,3991,275,399
12,9269,1511,187
10,1752,897,197
10,2104,789,290
7,1048,104,206
7,25,1647,201
13,148,1441,194
11,7706,1599,201
13,104,995,207
6,2650,1593,116
8,2448,404,110
10,1934,396,205
13,7756,1204,196
13,148,1796,197
154,360,1638,199
15,3843,606,199
8,5043,1603,195
52,80,1404,292
7,671,1503,199
9,1793,821,195
7,110,1630,195
7,133,931,196
8,99,1300,193
21,3278,900,198
13,4039,610,188
9,5736,1299,203
7,5464,292,203
7,6578,991,115
10,483,2106,194
10,6244,1395,193
10,11744,1605,199
8,1892,2100,204
7,7835,290,293
11,4579,2004,194
9,9676,703,198
6,4850,892,107
11,6208,1195,200
7,6279,769,196
10,73,887,263
13,10,373,200
12,199,685,112
7,512,1127,108
17,3878,1174,198
8,94,1800,195
11,296,1154,198
12,1298,501,112
8,113,748,201
10,128,837,195
10,4588,200,397
6,546,864,200
7,926,499,209
7,88,98,397
15,5137,134,196
10,7852,98,401
15,2181,873,191
9,87,1494,113
6,7785,284,399
9,166,600,193
7,5988,2296,201
7,4398,299,304
13,7778,1804,199
13,592,1096,112
7,3389,996,205
7,26,953,107
9,7678,193,208
7,130,1830,194
7,170,1610,108
7,8678,1599,107
14,3138,1593,108
13,7955,499,192
12,339,1302,198
6,5067,887,194
15,7094,806,201
11,1916,1696,110
10,1043,790,289
10,6269,1589,192
21,7761,498,192
15,5938,1798,107
12,104,1794,200
7,156,618,112
9,646,186,132
94,7664,1512,184
7,552,84,193
19,1392,705,194
94,7898,1496,296
154,359,1252,180
10,4041,1075,111
11,296,555,197
94,9633,418,172
8,1373,979,107
7,4037,217,192
6,6107,581,204
9,1354,102,522
9,7765,1138,162
7,1977,1200,117
11,3857,1107,193
15,5278,1084,110
12,105,2283,199
12,38,396,301
8,5043,602,206
7,257,1506,193
7,2964,1306,119
9,166,1398,195
13,4601,2208,193
94,7898,1201,205
14,21,57,168
9,1237,1196,204
7,30,569,306
6,348,1487,195
7,5537,587,107
7,211,1561,194
10,7938,188,371
95,3441,902,111
8,2077,202,290
10,2859,1100,195
10,1189,692,403
7,5941,797,199
7,11147,683,190
17,3796,1905,287
7,170,1806,197
10,2859,702,194
15,3807,879,305
13,4691,914,206
8,3750,239,308
13,480,602,194
37,6487,1388,288
21,9808,1348,108
8,1858,967,200
7,142,1111,199
7,8974,1203,110
8,5937,395,121
12,4212,1195,107
7,968,596,195
11,1783,1402,194
7,744,109,199
14,5957,308,191
7,112,557,193
7,660,594,191
13,159,1313,201
7,3565,1277,195
8,128,1125,192
6,5245,130,249
7,3570,873,198
9,11504,1988,110
12,301,1898,200
7,10343,800,197
6,6193,1485,114
12,8593,907,200
7,504,189,309
13,100,1157,194
10,4041,1277,109
7,100,998,198
52,83,2206,291
7,5925,693,202
7,6959,604,289
6,348,686,200
12,5261,1081,204
12,663,411,201
8,4258,308,219
21,2463,1675,197
7,2352,681,200
9,881,1678,193
9,1351,894,194
9,667,197,290
6,4971,1495,197
15,557,552,111
8,1362,783,111
7,2549,809,188
9,1237,1897,199
7,65,594,200
198,4226,208,205
19,1392,1109,284
11,5660,1300,197
7,48,782,113
6,130,942,198
7,2398,131,449
12,2164,787,113
8,28,119,197
6,244,444,107
12,1588,2011,109
7,69,129,343
7,33,882,113
7,384,1463,197
10,134,1423,217
10,1120,503,212
8,5941,1299,195
9,1285,1608,291
9,244,839,109
7,2350,190,291
12,183,299,199
13,5536,1102,194
7,8002,917,196
10,6152,600,204
9,11513,1495,197
7,142,162,379
7,170,1210,196
11,6146,579,197
102,13881,392,116
13,133,140,487
7,35,442,194
10,8285,709,196
7,107,457,194
7,834,695,290
7,3467,897,196
9,93,944,113
7,7248,1392,111
7,4456,1899,197
6,9099,397,195
9,10056,198,397
null,null,1787,290
12,38,248,196
9,3460,791,186
9,1140,394,193
9,50,710,189
12,606,94,506
10,5262,1693,112
6,4246,134,281
17,3878,1378,197
7,2035,497,193
7,2830,1593,197
11,2189,1086,195
14,3040,1392,109
14,4730,988,196
11,3441,1612,295
6,7254,1666,203
9,10056,614,187
90,22,678,109
9,159,1597,206
12,8724,207,196
8,2201,1378,195
null,null,2082,196
8,4443,1101,117
7,59,1792,191
11,826,1911,195
8,2973,1978,203
13,4048,833,173
13,118,543,114
9,5675,1490,193
10,2318,386,320
12,1068,704,289
13,2065,700,198
24,746,1713,186
9,2702,497,299
10,11744,311,300
6,14,271,411
8,41,1231,194
13,4048,399,204
8,634,1527,199
12,890,378,194
11,1759,603,194
8,1986,754,197
13,5537,908,189
7,834,399,206
15,122,1501,197
6,1595,706,197
10,5658,1003,198
8,2522,605,195
11,7952,1605,103
7,594,580,203
11,6201,997,109
9,5805,2278,199
10,6356,592,305
6,2145,1682,108
7,2651,1393,111
13,2740,1753,194
37,7386,255,344
13,604,1609,116
9,6643,908,201
7,7835,1798,199
15,8288,2095,203
84,28,183,505
15,2181,1069,194
9,244,546,288
11,5734,512,191
6,5623,87,291
7,1977,905,209
6,9486,423,89
11,5896,785,190
10,1845,602,294
9,3901,186,501
14,5864,1006,189
10,958,1109,170
8,3552,916,182
18,140,921,200
7,8004,205,417
7,3092,679,108
11,7653,1208,191
11,7770,887,196
9,10056,1007,190
7,1201,1515,194
7,2542,1088,195
7,1492,687,209
8,6544,1796,192
7,964,994,196
7,136,1024,107
7,36,1132,193
7,4299,108,310
6,127,1331,194
15,1800,1551,109
7,1100,1307,196
19,770,1706,191
10,4777,893,193
8,99,1837,111
11,3867,192,298
7,1744,1083,200
8,3153,1560,195
6,8055,1198,110
52,80,1999,198
9,8251,1469,114
12,250,2005,202
8,226,229,297
11,7701,2101,288
11,7561,791,193
11,296,86,387
11,245,1611,197
94,7898,199,405
8,2408,601,117
15,5278,571,108
7,969,480,193
9,1396,790,113
90,22,150,277
12,8761,811,188
15,7278,601,208
8,17,294,289
9,5850,212,363
7,10067,1656,108
19,33,60,497
10,107,1286,113
13,3680,1210,182
21,3278,1600,209
10,404,487,209
7,2039,1507,200
52,68,893,192
73,4200,1093,200
10,8043,1504,196
7,113,159,346
154,27,80,201
15,2177,386,110
9,3344,391,207
null,null,200,393
9,657,1287,113
10,5403,1497,290
7,5986,1005,200
8,14,330,186
7,6245,616,200
9,6657,894,193
13,156,1103,107
13,7779,2010,199
11,7701,1313,204
8,271,190,207
9,592,312,189
13,3520,2100,194
6,5158,182,201
9,36,977,194
12,4535,262,235
8,2154,780,195
6,9521,288,493
7,10072,377,198
9,50,1395,194
7,8654,1803,194
10,7547,1276,195
12,2874,816,186
13,5839,1300,106
15,101,1229,106
10,3383,282,403
13,6232,196,201
11,2168,1108,195
10,1417,187,401
95,2495,1378,196
7,103,161,308
10,2106,1088,194
13,6240,897,107
10,3357,292,119
71,7547,474,207
154,376,993,199
9,7880,805,194
7,9521,396,193
11,4243,1305,230
13,8066,786,192
11,7435,203,399
10,2408,1191,203
6,2650,599,194
11,5676,2107,198
7,96,2187,201
11,2241,1261,198
7,4401,2204,197
7,678,682,202
10,1670,896,139
9,11547,1100,193
6,7465,628,184
11,7587,1767,194
18,7060,1779,201
73,4567,1083,229
8,3400,605,195
98,17936,106,300
12,1753,116,285
9,1248,717,206
9,118,844,106
7,2651,1590,218
13,6692,479,194
9,22,1519,192
12,4259,1114,198
7,153,997,192
14,53,1694,193
null,null,591,192
7,2846,595,201
7,147,2103,196
11,7701,205,496
6,167,1299,194
24,353,1011,111
13,4691,1906,296
7,1948,858,108
8,2639,598,195
7,4456,1107,187
7,2193,1789,206
11,26,2061,199
11,44,611,200
8,1362,985,113
6,124,759,194
7,8676,1005,188
10,3385,1432,184
11,7952,1199,107
18,4236,1701,194
13,9,124,201
7,2119,1373,198
15,2860,798,195
6,2209,288,206
9,50,130,192
9,1396,1293,211
12,4106,1006,289
6,7345,1403,195
8,209,1240,196
9,114,1186,215
11,7770,1494,228
21,4522,385,206
12,7074,1496,195
37,7375,604,192
8,114,1573,204
6,4486,314,201
6,546,187,288
7,63,1004,291
18,7064,1582,132
12,1843,1590,148
14,365,1498,203
11,5890,588,192
8,112,1242,116
9,287,899,193
21,10687,1910,197
7,23,805,217
9,37,105,299
15,2080,606,196
14,4730,1420,171
7,7057,905,193
10,24,963,205
13,189,1280,195
8,2154,1599,101
7,3570,677,191
7,173,1005,199
7,9345,584,199
6,21,58,597
7,1100,1510,117
13,4688,184,511
154,27,289,291
7,129,527,189
10,208,1555,287
6,7260,1466,109
98,15576,197,306
37,7474,1008,197
7,7845,1189,193
18,4435,291,294
13,3424,383,299
11,7656,206,309
6,5699,1591,196
7,1006,689,294
12,5561,1488,199
7,969,1281,195
null,null,903,193
7,3680,496,199
13,4908,1704,194
7,403,2303,198
15,3744,115,188
6,7260,866,115
7,37,835,203
8,3860,975,206
13,2030,1300,113
10,1948,707,189
8,2197,806,194
11,7560,989,194
6,739,997,109
9,40,92,291
10,205,1535,110
6,130,1532,195
9,657,687,104
9,1409,907,192
18,8729,116,193
11,1995,1895,115
10,2101,2182,196
11,8052,1495,193
11,5823,226,275
7,4779,1602,293
9,82,1548,195
7,4497,987,108
9,9684,1307,108
8,1854,1902,130
7,678,972,197
null,null,2112,199
10,2675,1582,192
12,260,1704,195
12,7227,1298,112
21,4815,410,390
10,5285,1587,200
154,360,1842,192
9,3955,706,206
7,136,532,199
15,5937,1415,175
94,7899,2297,197
10,1192,1001,196
13,156,1604,191
12,1134,1209,107
13,2030,1098,112
7,8678,1798,108
7,615,1393,209
8,4443,899,127
8,102,1091,201
7,147,1124,193
12,7227,899,117
7,12,473,204
8,2194,1587,186
8,128,1564,164
10,2147,126,379
13,4318,132,301
95,3532,1481,195
8,3760,107,200
24,354,622,179
8,634,530,196
6,2145,1195,198
52,96,1346,203
8,3157,1584,204
7,129,1323,197
9,12,799,201
21,3278,1817,282
7,2039,1821,172
8,648,1303,203
13,5345,686,206
7,4172,602,197
7,104,1298,195
8,269,495,195
10,2408,2293,204
10,3389,1910,286
99,13741,797,197
7,2830,1799,192
90,1368,931,170
198,3605,697,110
102,12873,1275,204
9,109,694,198
7,4779,909,200
7,3096,1911,197
9,8205,1681,196
12,5261,773,301
null,null,594,107
7,2147,1601,197
7,8675,529,197
10,958,410,199
6,5154,528,178
12,247,1709,210
8,5941,1187,107
13,138,800,127
8,789,1002,197
10,6152,214,181
9,434,926,198
11,5235,899,110
9,1237,928,156
15,2181,1467,198
12,1409,498,193
9,24,297,203
6,2145,587,198
6,651,971,139
73,2266,1632,193
7,8,501,291
8,488,575,188
7,190,1191,195
12,38,1094,121
11,7560,1189,197
8,2440,1380,194
9,99,552,194
13,6036,1101,195
7,4055,251,247
71,4949,1599,201
8,1891,1987,108
7,1611,1192,289
13,3015,1500,193
9,3866,1379,195
8,1144,797,191
12,9368,1499,195
6,7689,1896,107
10,1489,891,198
12,105,785,196
12,1950,397,206
7,1884,1095,119
7,8047,225,269
10,107,1691,200
15,1912,280,115
7,112,1547,197
6,4971,315,373
10,2019,1799,108
10,103,86,295
7,8914,1389,206
11,5087,395,196
7,87,2095,201
7,65,132,314
10,2408,902,205
154,359,1438,194
15,5137,1708,195
11,2241,1664,193
7,27,1577,194
7,141,712,193
7,110,1561,162
7,999,1681,194
10,11344,400,208
7,6578,1195,197
12,6934,193,117
10,3389,698,197
8,3832,1803,191
8,5941,791,108
13,5854,1102,107
15,5137,502,196
10,2408,1698,291
7,1288,105,390
6,9548,1107,190
15,7094,604,197
20,152,1199,106
9,8251,1272,114
10,14,308,195
9,113,1733,118
71,3767,704,106
null,null,602,190
10,14,129,175
10,2859,1300,194
11,8815,1288,198
9,89,799,201
8,4434,1500,110
7,65,1299,196
12,4866,611,197
12,1298,899,111
9,11664,508,197
9,7583,1689,104
7,5785,902,203
19,933,989,202
6,3038,469,108
7,3565,291,380
7,6565,381,407
11,5823,703,194
13,104,705,202
10,2317,1080,197
6,3038,164,281
10,2044,191,198
15,5137,1396,107
13,176,783,192
7,7,1880,112
6,16,1966,114
9,1266,796,108
14,3655,1501,184
7,1503,1187,195
13,189,880,193
11,8815,589,295
13,2740,750,199
99,12878,1702,222
10,619,938,195
10,6901,1905,292
7,5642,1089,196
12,16,227,203
94,9745,165,187
12,1407,121,276
9,159,188,200
10,8184,600,189
7,4951,99,197
24,746,700,196
14,4732,1895,103
10,4053,153,339
9,287,402,192
9,1630,1576,195
21,10684,193,403
11,4471,792,495
6,1099,404,202
7,164,1590,106
7,4170,610,190
71,3462,917,183
13,4691,703,205
98,15576,793,210
14,373,638,398
13,148,1598,193
7,1450,395,109
8,272,887,192
7,99,106,344
7,3467,494,108
18,110,1683,113
13,5854,702,111
8,5029,813,187
7,2523,1395,193
10,4777,2093,288
7,1099,901,193
15,3810,1203,202
20,165,100,302
13,144,725,195
9,1199,498,205
9,9666,498,111
9,3344,605,191
13,106,640,108
9,8143,775,110
73,3260,1899,201
7,8676,390,202
11,5854,187,192
7,59,891,106
7,6428,866,201
7,1492,1010,166
71,3767,1108,196
10,2101,1694,202
198,3653,1902,209
8,789,409,191
52,27,158,489
9,687,676,109
7,6273,1179,198
7,2651,997,194
19,933,281,201
11,2241,966,203
8,8034,1101,109
6,9486,599,199
71,3765,1309,189
7,63,508,191
24,1899,907,196
8,175,330,190
12,5266,2294,207
9,244,353,188
7,9355,1869,109
8,15,866,201
9,1355,648,159
10,6901,1700,197
7,63,1142,114
6,5699,1796,199
18,110,1184,199
13,605,200,302
12,101,1198,293
7,1095,413,217
21,9695,1548,108
6,124,121,438
7,105,797,198
8,11,447,186
12,5266,2004,201
7,4497,1588,198
13,2069,280,408
8,1425,961,204
7,25,536,301
12,1931,1585,107
13,995,1770,197
164,2397,1908,197
7,2843,1219,179
12,673,1694,195
8,3400,103,224
11,1990,301,490
10,107,2097,199
9,1400,1390,206
9,864,693,192
10,235,1681,112
24,1899,399,501
9,96,762,202
10,5246,111,191
7,5452,910,190
11,5680,1796,198
10,5299,685,208
9,564,352,200
6,2145,1881,109
8,5043,193,390
7,120,1698,194
7,2187,177,404
8,99,1091,202
7,1097,2095,204
7,131,163,386
6,8055,1463,110
21,2421,1165,112
10,2675,687,194
95,2472,1374,191
21,4825,1222,304
8,17,588,204
10,19,477,195
18,4435,1093,113
10,7254,94,191
7,3448,909,200
10,6795,1106,201
11,5890,1195,184
12,7234,48,201
11,11059,497,195
17,3794,1796,198
13,3020,704,193
6,6260,108,394
11,57,889,103
13,7779,1381,113
13,102,100,296
6,803,538,195
12,211,400,195
10,6182,2096,203
10,73,193,203
9,3460,1182,109
13,3428,1000,271
17,3796,2197,194
7,65,1698,195
9,107,1194,189
7,106,1613,278
8,240,227,213
15,689,1175,194
13,166,1501,193
9,9624,1511,194
13,5436,1182,194
8,4434,1301,193
8,104,272,354
13,24,776,206
10,1635,198,109
7,3053,976,196
13,3427,2069,202
12,606,1395,197
10,6384,1901,200
11,2369,901,106
15,5278,771,108
11,4400,815,192
164,4471,613,193
90,24,848,106
12,646,904,205
8,96,1595,201
6,5360,1911,192
11,1277,1102,193
7,26,1653,297
14,53,891,192
6,5154,793,112
13,3424,1392,290
7,4339,1784,196
6,6984,119,272
9,606,397,403
8,23,1073,192
11,2369,1204,196
7,59,1386,194
18,8588,207,297
10,483,708,194
7,2060,897,132
7,753,403,193
11,2189,107,401
11,4400,1098,110
10,1635,397,109
9,8203,2084,288
15,122,1704,187
37,6419,1181,202
12,1588,1601,202
10,107,792,203
20,152,1507,198
8,2150,789,194
9,1152,520,186
12,663,708,187
13,2071,1703,290
7,6640,230,271
6,95,996,208
8,1851,1468,195
14,5861,137,107
7,8678,1105,210
9,11492,1063,208
7,1977,705,195
7,74,837,195
8,6080,700,114
18,8588,710,202
7,69,663,215
11,6146,1178,192
8,1785,568,195
10,1526,400,205
10,7659,106,194
19,3046,708,192
12,183,660,204
6,2144,418,193
12,8127,400,109
8,1844,286,404
11,105,1491,199
7,2746,212,196
8,15,666,107
7,3862,887,196
14,5862,818,184
15,7094,1097,203
15,6186,772,203
12,1582,1106,285
7,930,1774,203
10,2859,1695,194
9,434,516,205
328,110,1748,196
9,1773,1194,110
6,6059,218,200
9,461,1014,196
15,1910,790,206
10,398,1586,202
84,43,816,195
10,9778,171,201
7,7175,1775,108
11,1960,193,193
7,10072,199,185
9,48,162,340
9,862,127,300
9,9400,1703,202
9,5641,1773,206
9,598,1597,201
9,159,1002,192
73,4199,2007,207
7,2060,222,362
21,4830,898,317
7,9975,1292,108
9,1793,602,198
7,382,172,182
8,4443,694,111
7,6427,667,109
7,2039,1178,115
6,6193,992,197
7,2190,1906,289
9,11770,1189,191
21,10687,2197,111
10,2859,1502,196
13,102,1004,197
6,1362,998,195
12,5910,691,193
10,8187,290,298
11,1307,1674,194
164,3855,159,197
71,3462,696,107
7,121,1038,194
164,3861,647,200
8,2240,1485,194
7,4387,1006,205
11,2429,60,374
6,803,1138,196
6,5523,1506,190
9,11663,913,190
8,105,954,197
11,2192,1069,199
7,25,2140,195
9,104,291,202
12,1843,982,194
8,8034,217,381
7,7176,1593,140
7,142,1342,201
8,3153,757,109
10,4588,1110,210
8,99,121,377
10,1670,900,109
13,592,799,207
null,null,910,203
7,2542,598,306
7,5766,397,185
10,2739,876,201
12,38,801,203
73,4200,797,206
12,2874,228,173
21,4522,187,192
8,3690,201,498
7,1503,1587,195
6,71,105,401
9,7880,110,491
21,10687,1796,109
10,1144,1116,208
7,69,686,194
11,5231,209,175
9,523,1753,111
13,6240,493,198
9,4370,588,107
18,2053,593,199
18,10078,504,198
102,11523,1911,193
6,5294,204,203
13,3680,1595,199
9,657,1405,110
10,3064,1597,193
13,6901,1207,198
11,1759,1200,196
8,89,1021,107
73,2261,726,197
9,11507,693,206
95,2370,980,191
9,11784,572,125
6,5523,1301,196
6,1356,205,197
8,1187,1657,206
6,26,1166,205
7,69,462,196
13,104,502,196
84,27,1181,174
7,85,288,266
8,1986,955,106
12,39,729,202
6,3038,667,108
7,8119,692,190
10,8223,1390,179
7,4303,1104,197
9,58,972,193
10,4336,1698,109
10,5143,200,297
12,892,707,293
9,14,503,209
6,8288,517,202
7,2190,1170,112
10,1221,548,198
9,461,638,169
7,3565,1477,203
71,5294,988,306
10,73,665,217
10,2859,902,192
52,72,670,196
7,1081,868,192
10,2282,691,112
12,4866,403,196
12,606,2090,204
7,120,1400,290
7,4342,1105,192
102,12865,777,204
8,122,1347,208
12,4259,1702,199
11,4401,601,206
7,4272,982,201
11,3372,285,305
8,2852,1298,106
11,100,1297,112
17,3794,1498,291
8,93,553,110
11,2250,605,105
9,96,280,264
12,1084,1406,290
7,357,1593,107
12,1843,1373,202
7,178,1826,203
19,1394,1809,109
12,337,1484,193
8,3860,1779,195
9,17,511,176
10,4244,994,107
8,3860,514,209
6,77,437,138
9,1292,799,203
15,1605,2097,110
6,1595,1796,202
8,1940,1687,293
9,2364,803,200
9,2364,2094,190
11,7764,1135,193
15,122,1789,112
18,10082,112,290
11,2004,797,200
7,6320,1077,194
328,107,77,468
9,6046,281,299
8,1362,1180,113
12,534,229,299
9,9400,1112,209
null,null,891,195
84,19,787,291
12,1891,586,193
7,2039,580,110
9,1606,683,198
7,113,1094,198
7,85,872,177
7,2964,1503,195
8,105,1441,115
73,4199,1515,276
7,30,1372,198
15,1605,991,114
7,10067,1856,107
8,3552,405,196
11,5680,1390,113
8,3860,1581,192
13,7699,112,494
9,115,349,193
13,3020,1697,196
9,8203,1183,203
7,11147,1115,87
7,237,1692,114
198,2220,300,199
9,1649,1507,192
12,672,1098,292
null,null,266,208
10,538,98,112
14,5968,778,111
13,24,276,407
7,4165,806,195
8,2077,198,211
6,65,909,200
11,2084,595,194
10,1120,925,174
10,2154,187,501
9,434,1322,200
7,211,1759,107
15,8287,1389,295
13,803,383,308
7,6320,905,201
12,4547,698,114
9,1793,1410,115
8,1362,1589,194
7,6044,99,269
6,5294,1119,186
7,5064,903,193
7,56,415,196
21,9626,512,118
7,5933,1044,192
15,2178,503,180
9,7583,1504,195
7,4272,782,195
12,8127,601,207
7,969,1481,194
11,6146,1703,192
15,8287,1692,194
11,5660,502,200
8,2459,499,111
12,1130,809,108
12,453,304,203
12,8873,515,287
10,11639,504,196
7,1201,601,197
9,5676,496,185
8,2078,980,111
12,5910,496,190
14,3655,684,108
11,26,557,205
10,1752,598,292
10,1489,1389,200
7,133,256,393
11,2200,277,185
8,6544,1600,189
7,5954,1277,111
7,4379,1553,193
14,554,392,108
6,21,1755,196
21,2445,478,196
11,5680,1292,209
null,null,1580,202
18,129,277,275
null,null,903,207
8,5198,707,205
11,5656,160,310
12,1591,308,199
99,16057,707,198
6,2650,1797,111
7,942,244,296
328,611,1390,204
9,107,898,199
12,4639,1598,198
7,8119,1182,194
8,1362,1787,193
7,945,744,194
8,20,1381,196
7,1201,1003,107
52,26,964,195
7,1201,805,193
9,1152,912,188
95,2368,581,190
15,70,186,205
12,1935,1193,190
9,49,1206,197
12,65,826,111
99,14728,1281,202
7,9345,1493,188
11,3857,1665,284
8,3832,1204,192
8,1187,1458,192
7,133,1604,199
7,2035,133,284
7,3467,1110,188
9,7583,798,202
9,668,608,194
null,null,710,183
7,7059,314,282
8,236,697,107
9,112,149,114
7,90,101,393
6,5067,687,193
11,1277,110,403
73,4200,1298,208
12,9252,1578,194
7,4231,416,188
7,7902,1403,110
null,null,398,207
10,10405,1173,198
15,72,986,195
37,7568,184,367
7,8119,1687,194
null,null,1710,107
7,101,1075,203
8,2522,200,200
12,1084,1204,195
15,122,1592,113
7,112,1746,195
11,5732,1111,186
7,2948,103,297
13,4383,1083,199
7,3565,1079,191
11,3677,502,289
7,85,506,203
6,1079,985,204
37,7375,1868,202
10,1752,1397,192
7,1495,1301,194
6,168,503,190
7,130,1976,200
7,3216,505,193
10,1189,2195,195
8,102,1905,208
8,789,807,191
12,1373,1400,94
9,19,1355,199
7,5925,899,197
12,4258,268,409
10,7852,1717,197
12,2164,503,192
11,7706,2004,289
7,1048,801,198
9,1404,705,195
11,4471,1296,195
11,7770,1777,112
13,24,1774,200
15,3111,1096,202
12,4174,798,297
6,9099,195,196
37,6487,884,290
9,7583,125,335
7,3448,735,186
8,17,1087,200
6,546,1473,193
11,800,905,288
7,5822,1605,200
null,null,1915,191
13,5839,1608,197
13,480,801,198
7,90,1449,193
11,2250,915,111
7,133,1317,111
13,185,482,108
10,10405,972,109
9,89,1212,114
9,11492,270,490
6,26,1459,291
10,5295,1387,113
7,1351,1997,214
94,7898,2009,285
12,2496,802,200
7,4037,493,140
8,3246,194,205
7,3448,504,195
10,6356,1389,110
11,2267,1113,194
6,2488,611,194
11,7706,708,285
10,958,201,203
13,5345,983,194
12,1268,395,373
13,0,380,194
8,122,114,338
10,7852,1197,112
9,1285,802,188
8,99,296,402
10,6442,391,196
11,7435,1408,201
18,2053,390,193
13,189,184,286
7,130,1589,115
7,8897,205,396
19,770,1508,193
7,678,181,296
11,4577,1500,203
12,7227,614,116
9,7293,1599,107
71,3462,419,117
8,2085,226,270
14,4151,1796,109
7,11147,471,207
12,4149,997,110
8,122,854,111
9,3955,409,219
9,1355,797,190
7,6959,1306,212
10,2947,1377,195
7,5060,704,194
6,739,1397,112
6,7463,332,280
11,5680,601,502
8,2522,805,195
12,0,217,307
7,5537,99,133
7,129,935,195
12,9269,307,384
8,1890,695,290
11,2168,904,198
12,2057,420,262
10,5143,1321,178
7,3266,1082,109
7,142,1518,188
7,11147,802,297
7,4303,1794,198
9,881,978,197
9,7881,587,193
6,348,1687,194
9,1400,987,197
7,25,1936,198
8,3024,587,109
7,3840,523,172
11,2271,216,284
7,8681,1199,195
8,3157,1384,110
8,2973,684,298
10,6253,790,191
73,3258,1094,230
198,2224,1700,108
null,null,803,110
7,10343,1202,107
8,135,532,187
10,2859,197,393
8,5941,904,193
7,1291,796,295
9,1407,802,290
7,5360,624,276
6,5956,1300,196
7,11,66,205
12,8596,2107,290
12,606,902,289
7,7,1205,185
7,167,1667,111
15,567,954,105
7,4456,1300,188
7,11149,1299,200
9,113,931,112
8,4443,318,289
8,175,632,119
10,6795,697,114
8,89,196,336
9,1953,692,200
12,4259,1906,199
7,6044,304,110
11,2868,317,197
13,8066,1392,190
73,2266,1451,177
10,790,1398,286
10,1489,1187,197
6,6059,1536,176
19,29,1242,197
12,8592,378,312
12,4551,297,191
7,1100,1103,198
13,176,373,112
7,5941,1794,193
99,16057,113,299
7,130,1292,204
7,3471,1370,198
10,1144,900,195
7,750,787,194
18,134,276,288
15,1800,957,193
8,1854,900,194
8,1187,1258,195
7,1948,1259,107
99,16052,911,193
13,5537,704,197
7,2502,900,192
8,3157,775,202
10,2947,196,271
10,2964,522,191
9,7193,1910,197
12,38,2197,203
9,31,716,195
7,678,1174,192
9,2636,115,118
8,228,934,191
7,1549,209,293
8,25,519,200
8,1360,200,309
7,5954,1677,108
7,5643,1488,194
11,248,131,409
15,122,1114,184
7,5275,1096,109
8,139,602,195
13,3579,804,203
19,1465,487,195
7,1098,608,204
13,2038,1500,223
8,1986,1403,190
12,2057,495,118
84,100,2381,194
11,8803,1982,198
7,190,1805,109
14,5902,1704,197
7,1884,606,196
13,3520,1595,212
9,667,496,198
7,9975,1095,107
null,null,695,299
19,1394,1602,200
7,25,330,110
7,3862,1088,194
9,108,2096,199
7,6195,177,122
7,6578,2097,198
15,3845,696,197
12,1404,804,208
11,2189,906,193
9,7193,700,117
9,606,1809,295
7,1168,1779,111
11,5848,491,126
9,8209,890,288
10,957,616,108
7,22,237,199
8,1892,905,197
7,3055,406,192
7,1611,788,399
7,890,1390,225
8,6541,504,115
15,5137,1511,193
7,7,384,198
7,63,941,111
10,6182,898,199
8,3606,1495,195
7,8004,2111,200
10,6901,2204,205
9,5676,1083,201
7,5388,278,218
7,9269,280,403
6,2486,204,194
11,2454,1831,116
10,8187,1187,206
null,null,704,108
7,130,1770,200
21,2463,1388,117
10,3650,1117,175
9,1266,302,293
11,5660,904,194
7,8909,1684,113
11,13,1039,179
7,7057,1703,191
11,5673,1093,202
18,129,1241,111
84,43,1364,169
15,7094,300,297
9,4999,983,110
7,2546,1728,169
13,100,960,192
13,102,753,195
13,4691,1411,200
99,14729,993,210
12,663,900,198
14,6955,1794,194
98,15487,1186,205
12,104,1493,290
11,5746,798,192
17,5442,308,271
6,4486,522,180
12,453,1497,108
7,5064,1519,206
8,4039,506,187
7,153,1507,107
13,4383,298,306
15,3343,1173,117
7,5925,1102,192
11,2342,236,112
10,7852,915,113
12,7070,999,291
13,7779,679,110
7,1095,209,109
7,9,1354,201
11,2189,1684,201
164,2394,787,294
7,1899,1656,111
13,156,905,107
null,null,1287,202
15,71,691,283
7,0,668,282
7,3148,1096,107
6,82,1763,112
6,9559,292,199
9,1285,1311,291
9,118,659,177
7,4546,199,377
10,2668,395,208
9,22,982,293
11,5734,1708,192
11,7587,898,194
94,7898,906,115
8,17,797,283
11,7820,1362,106
9,128,278,279
18,4435,682,198
9,18,867,286
8,1768,889,194
7,26,1151,201
13,3496,1279,202
6,647,1103,199
20,150,643,111
7,59,1586,200
11,11059,702,97
7,9521,185,205
7,190,1392,207
10,1120,209,289
6,5949,498,198
11,2250,407,118
7,111,748,192
10,7852,1597,115
13,143,106,351
102,11523,1214,212
7,135,323,206
9,2764,708,170
12,4535,585,208
11,163,1396,200
9,1296,1653,107
9,281,2103,199
8,1986,569,193
8,1360,594,107
98,15576,2205,202
7,25,843,206
18,7855,84,196
10,1282,2305,200
6,85,2164,205
84,91,2172,201
11,2099,692,290
12,453,1002,198
12,663,294,112
13,3418,891,291
7,118,697,199
6,6193,788,199
6,4246,786,195
12,1268,983,195
10,3389,1698,202
11,5746,195,201
11,5697,1103,192
7,10600,901,114
7,615,982,113
11,2369,1212,196
12,2164,909,107
13,3433,506,177
8,272,693,189
8,4945,134,307
7,8675,915,192
15,1586,1456,108
12,2063,700,202
8,3860,140,332
7,264,818,282
13,4048,613,200
10,5646,208,204
7,109,120,108
8,1935,1281,197
15,7878,382,208
6,1741,142,267
37,7371,803,199
7,112,600,200
9,115,249,378
7,8004,699,204
7,2825,304,202
7,5914,1241,193
7,2190,1775,197
13,148,1646,190
9,1762,1797,210
7,7323,1618,182
6,348,891,192
7,3647,1396,203
7,129,735,193
8,96,1785,196
14,3040,1192,118
8,1854,1514,182
11,4927,590,286
8,669,410,186
7,6640,506,231
9,1266,1401,202
7,129,1539,192
null,null,485,107
14,53,1489,197
7,10070,773,194
7,59,1015,193
7,9567,196,203
13,6640,1391,208
7,11176,901,194
10,1257,1997,199
7,6645,1311,114
9,515,670,287
7,6645,1197,109
8,128,1733,186
7,1100,293,310
15,7876,1376,199
9,281,1808,289
11,105,2289,109
7,2143,103,195
9,99,1686,206
7,3565,1768,201
102,12648,594,198
20,165,409,283
7,107,101,293
10,1670,897,195
10,2964,1681,112
10,1752,1102,290
7,6981,204,309
7,2542,1106,289
99,16225,699,199
98,16432,1710,206
7,1095,702,197
11,52,691,199
null,null,393,195
6,5158,474,207
7,59,1196,193
95,2488,1783,109
12,29,339,205
18,4435,1384,197
10,5646,1305,196
19,33,1643,195
10,6187,703,196
7,107,605,112
10,8053,711,109
9,33,976,112
19,33,1058,193
9,159,1798,107
17,3794,698,200
84,43,432,175
13,141,162,394
11,26,1253,206
164,4468,124,483
8,3860,1186,194
10,6187,1109,196
7,72,1322,199
13,4248,518,179
7,605,1382,192
9,7294,2003,208
9,18,489,109
6,26,954,205
102,12716,310,195
7,104,1003,202
7,1042,597,121
8,577,1095,203
13,3680,1400,109
11,7768,1188,114
17,3878,1789,192
8,865,605,196
8,488,110,198
9,1327,673,124
11,2189,1284,196
8,2154,592,198
10,107,1896,194
7,153,206,298
7,858,207,199
9,15,1000,199
15,3859,1594,108
9,128,1552,197
7,143,851,197
9,70,598,206
328,17,381,199
9,59,163,305
6,77,581,193
7,663,1113,110
7,3320,682,111
6,21,1176,292
19,768,791,194
7,11176,292,201
10,4341,1701,110
8,8034,917,97
11,7040,995,196
14,5857,592,211
9,1415,906,196
11,296,758,187
12,6,72,264
9,6461,285,202
13,2291,1665,112
11,2186,794,192
18,10078,919,186
8,94,703,192
198,2321,901,197
13,2071,1998,206
7,3095,178,405
9,874,1185,199
98,15576,1593,116
7,615,1684,199
14,3655,797,110
9,9676,117,109
7,3345,561,204
15,8287,1182,200
6,1594,996,201
9,1749,449,103
13,4383,1207,201
15,3111,295,500
6,4266,405,288
13,7955,202,206
9,1736,1106,227
9,10656,1763,196
13,803,1190,196
13,3832,1701,197
7,2651,1196,107
7,1492,200,383
null,null,1095,195
14,53,1291,193
11,9253,1006,191
9,1355,1207,199
11,1277,1300,198
7,5925,1494,204
9,3460,987,191
12,1893,759,198
9,9666,1113,112
15,1912,492,291
164,2397,2194,121
9,128,1360,194
7,4775,609,207
15,7094,1307,201
9,1897,987,195
7,7,587,201
12,38,1905,289
11,5650,1197,202
9,50,420,121
10,783,989,130
12,4866,194,202
8,102,792,204
11,500,1491,114
11,5622,980,193
17,3878,566,205
13,156,696,109
11,7655,1093,187
11,57,478,201
11,8041,1693,198
8,1935,884,192
11,7587,1097,108
6,348,482,199
9,99,48,295
13,4691,1208,196
7,2549,580,193
11,7658,808,191
12,105,2080,197
9,11492,1361,200
14,7953,410,281
52,74,1166,196
21,9695,1056,199
13,4392,1697,293
71,3462,1191,110
13,3020,514,188
13,4048,141,252
9,1292,500,292
9,94,1287,173
10,2739,1768,193
7,3344,1392,291
10,2675,1092,185
10,1845,1107,190
24,1049,1685,195
7,6273,1674,195
8,648,1711,189
10,205,1249,117
6,3236,712,194
15,7280,1206,191
7,390,2096,201
19,770,1108,192
7,6981,1102,199
8,584,1304,294
6,9345,517,175
99,14728,1488,199
7,10600,1906,293
6,130,1733,196
7,2549,1179,199
18,8588,511,194
90,1007,101,290
14,10,46,234
7,902,1988,190
6,79,675,210
13,176,573,200
6,1362,1396,110
12,606,1795,203
7,5941,1595,195
12,301,1110,200
11,296,1853,215
13,601,299,307
328,611,1599,202
14,4885,1605,198
7,3680,700,196
9,7294,1711,285
7,5986,1801,203
7,4303,898,200
90,24,1038,193
10,6356,901,197
8,96,897,198
9,1152,719,188
10,1752,1594,197
6,6044,782,107
12,4206,1261,193
7,373,583,191
8,789,107,296
15,3343,966,202
7,968,1199,195
7,1048,315,203
10,1282,2185,199
13,6036,1301,107
19,33,1444,193
15,2860,159,205
8,1402,102,385
90,49,1016,193
102,12648,999,196
15,3807,494,195
9,108,1897,193
12,296,1402,209
18,110,894,202
8,6541,793,125
9,3988,898,202
18,4236,1094,112
7,1061,291,297
7,2522,1208,181
10,5144,1698,195
11,44,1215,203
328,114,560,194
6,4455,703,201
15,403,1601,200
7,110,858,195
15,3843,810,193
7,7175,891,190
7,110,1127,194
99,13737,586,202
95,922,471,192
13,156,1204,198
84,27,772,167
198,3653,1603,208
10,6152,400,195
11,830,2193,201
12,1582,1396,205
84,10,662,178
14,5962,1287,108
12,39,44,106
13,2069,1093,119
7,968,796,193
12,5949,196,198
7,10058,254,316
15,6185,474,208
8,5043,1806,197
15,5261,884,113
328,114,759,194
7,9355,1670,193
154,360,1038,201
10,3135,697,224
6,10269,406,211
7,7,812,176
12,2967,387,192
19,1392,2092,110
12,797,99,286
7,106,180,521
7,6578,1600,203
90,39,636,191
7,5060,1397,194
328,11,100,205
15,5937,297,294
90,24,727,112
7,201,2004,110
90,23,173,211
8,1891,1694,199
9,166,1200,194
7,112,947,191
11,36,1124,200
10,3064,1195,107
9,3460,1379,113
6,656,579,106
15,5285,1307,207
14,4885,2100,209
7,3095,788,284
7,25,627,187
13,104,193,301
7,2283,987,206
10,2408,691,205
8,8030,407,192
73,2261,931,117
14,551,189,113
8,1424,469,192
10,5586,1092,199
7,3841,1394,107
13,5537,124,378
198,3710,405,184
9,3988,1904,201
8,1841,216,290
12,4259,1402,209
9,8662,1586,186
9,9400,998,109
98,15580,2005,195
11,26,1761,288
7,4456,316,275
7,5923,332,302
9,1354,806,198
13,2284,583,191
10,483,1207,193
7,10600,497,193
8,2748,582,112
9,7881,1786,191
8,6181,2097,196
6,6059,1103,195
10,5586,1296,196
15,5937,1003,198
15,3103,802,201
8,3400,805,192
9,99,349,198
7,2997,200,190
10,7852,504,196
7,8553,1297,114
11,8787,199,399
11,4927,382,203
11,2369,1013,193
12,260,1108,190
19,33,564,286
18,10163,805,200
164,3861,857,197
null,null,404,194
12,4704,1755,196
7,5388,578,107
8,5198,919,192
11,7658,603,198
8,1892,1409,194
7,147,1905,193
7,4694,1198,110
102,11524,587,197
8,2748,699,107
10,205,255,195
6,803,248,285
7,882,600,196
12,9252,1776,192
9,5676,685,192
10,483,996,205
7,3846,708,108
8,2973,982,197
8,1854,1300,194
7,384,975,292
7,2379,781,114
164,4471,1304,199
11,5890,980,198
11,3925,1811,285
6,10254,896,112
8,2522,404,195
9,1351,778,111
9,1351,208,498
7,956,2198,196
7,951,1695,199
15,1379,1206,199
13,2291,278,296
8,6541,996,105
7,136,820,111
13,3433,182,217
7,2997,480,108
11,26,1549,207
7,98,787,210
52,96,1852,108
7,3053,768,202
11,1783,1601,193
6,4856,1004,198
6,244,1205,201
7,4252,294,379
10,4541,648,198
9,6643,1200,106
11,5958,192,205
7,5822,803,202
11,1770,901,199
7,745,601,111
13,10,174,108
6,2145,1079,111
7,4151,495,193
13,143,1320,192
12,4259,908,200
7,5643,1290,192
7,384,1668,294
11,1543,306,200
13,3427,274,489
102,13881,1286,118
7,2086,1307,192
10,6270,587,197
10,205,652,193
9,107,1902,289
9,28,527,184
15,8288,189,403
10,5403,1997,204
7,85,173,326
12,4174,1396,207
9,458,631,110
198,3656,1108,292
12,539,175,113
6,9521,874,201
7,7904,1112,198
18,4235,208,297
14,5860,536,167
11,6003,809,285
11,2235,1359,108
12,6616,302,177
98,15576,1796,203
6,7260,1067,110
6,7260,271,307
14,362,1707,204
21,3278,1310,113
7,7835,1306,201
10,788,2012,203
null,null,1200,201
10,11639,996,113
9,1400,787,194
7,24,1109,188
7,4486,790,107
11,241,1813,192
8,96,1302,203
7,6245,1005,195
10,6831,1400,116
11,11059,895,205
12,8596,1803,294
6,3038,977,205
11,3262,2292,198
10,1845,906,194
95,2495,507,198
11,1916,1497,111
9,1327,394,209
7,5925,299,307
null,null,1295,194
9,1793,1212,193
7,1549,795,107
7,85,1252,194
7,69,1284,201
13,143,134,385
7,1964,208,297
9,864,891,286
7,2351,204,300
12,3287,1000,206
10,1189,1900,289
11,5746,402,192
7,3096,1612,209
7,357,1194,107
8,669,602,200
6,1356,415,97
12,1409,910,203
9,7881,986,193
10,5143,1504,194
10,7938,765,201
11,7706,1499,206
15,1886,1482,194
10,6901,299,411
8,8034,700,205
9,10056,1202,194
15,5285,1904,116
6,5949,702,193
37,6419,187,494
94,11734,503,200
84,43,177,352
12,1843,778,199
9,1152,1313,192
7,10072,592,196
6,3993,980,195
10,139,621,195
13,104,182,290
7,121,753,189
7,112,148,387
7,147,1526,193
11,5650,598,202
6,5294,911,202
7,165,912,196
8,3710,699,200
13,6651,500,201
15,567,752,119
11,6146,981,192
8,2977,1480,200
7,8002,1612,286
8,4258,106,111
37,7474,1210,191
9,3866,982,192
9,11673,228,276
7,4456,908,205
11,2151,772,193
13,166,1699,196
12,211,189,206
10,6249,1278,108
11,296,950,196
7,7835,512,199
9,11507,1699,199
10,11639,309,190
10,6449,592,194
9,663,408,113
9,107,580,110
7,2941,875,195
11,5746,682,111
15,2178,773,203
8,5024,662,197
7,24,199,299
18,4435,886,200
10,101,554,203
10,2739,1271,294
7,969,1074,200
102,13881,1689,109
null,null,199,193
11,7701,991,109
10,7547,869,199
19,923,499,290
18,7060,208,210
15,5059,895,128
11,5650,1603,197
10,10422,1380,202
7,140,844,189
10,1752,1805,195
9,759,380,194
15,5256,1368,107
8,175,764,120
7,108,890,204
8,234,462,193
7,2047,695,114
13,106,1349,198
9,9691,1680,116
9,154,809,198
10,6347,299,277
11,6003,501,291
11,2189,1487,193
6,1362,608,189
94,11734,793,199
null,null,482,134
12,890,578,199
7,104,796,204
7,6428,1472,197
21,11726,206,289
9,515,1557,110
13,3832,1513,182
12,5261,275,398
9,9400,604,327
9,658,1105,191
10,639,474,112
9,99,757,190
10,1981,389,195
154,711,110,590
9,19,181,318
6,6059,1306,198
9,3866,214,304
12,606,601,289
328,611,897,202
11,6146,1375,195
11,3448,978,195
7,59,594,202
13,148,603,107
12,1068,1002,109
8,3684,1581,114
10,1144,230,208
8,768,123,205
18,14,930,203
11,105,1696,293
6,2650,998,108
7,4172,111,201
12,672,1895,198
6,244,609,196
null,null,900,146
18,123,759,186
7,10070,574,186
12,1407,402,197
7,26,824,184
7,94,1049,192
11,7952,1797,112
21,12832,266,209
164,4468,1010,233
90,1005,396,110
7,4293,1152,195
6,8288,107,200
10,3064,993,197
8,2639,797,109
15,558,1761,105
8,94,294,404
20,165,698,108
7,2486,1896,289
8,2197,108,396
7,728,379,194
10,11344,615,202
8,234,660,192
12,301,205,503
8,508,769,194
10,4786,1176,207
94,7664,1303,201
73,3260,1704,189
9,1544,1495,194
11,3262,1784,203
7,8002,1904,203
6,6044,980,196
15,2268,114,184
13,144,1121,195
11,2369,409,213
15,7153,498,191
6,10600,1698,200
13,24,988,202
13,601,1405,196
13,806,783,111
7,5785,1406,292
9,1404,1306,196
7,3856,699,209
7,121,1348,191
13,6049,286,204
10,6182,1889,201
8,178,1865,107
14,5533,306,192
7,2358,1191,196
8,243,895,202
8,175,1176,204
9,7559,898,196
98,17920,504,273
7,1912,506,192
15,3859,1393,108
10,1144,701,193
73,3258,1510,198
9,1400,590,204
10,572,1811,286
11,5734,1508,194
7,2351,512,208
10,1144,507,189
6,2209,790,200
9,608,1303,287
9,7669,1304,200
11,1299,667,118
7,8299,274,422
14,5786,1201,194
8,1854,101,189
198,4184,415,278
21,9695,667,184
14,5902,1112,287
14,4885,1810,283
18,2049,89,108
7,25,1433,208
8,634,1726,216
9,1152,1102,204
8,6541,299,200
7,68,1888,192
11,2472,1769,195
19,3041,200,322
9,5733,1085,205
10,1489,713,192
9,19,1158,109
10,2877,973,106
6,169,897,196
7,3985,1674,196
10,24,677,198
10,5299,1186,306
7,95,1491,204
98,15933,116,272
13,6651,708,204
7,2542,198,303
12,250,1800,119
11,501,198,298
18,8598,993,398
198,4226,701,195
11,3439,289,384
11,5848,692,107
9,1177,1673,196
8,3710,2202,289
17,3749,917,177
11,5697,1715,112
11,4243,1190,109
10,97,110,270
13,2284,865,109
7,4694,2104,289
7,3542,1710,198
6,5294,524,180
9,7193,1616,288
11,209,543,199
7,25,30,211
15,105,1030,189
8,20,1988,203
12,1409,211,281
7,1201,1755,116
7,2147,1803,193
154,376,200,390
94,9643,595,192
7,6428,1271,196
9,4191,1905,195
9,1285,301,436
9,109,384,305
13,24,1487,196
11,5746,995,196
6,244,811,193
14,5902,1907,293
198,2203,577,197
12,250,797,194
8,577,594,197
7,4578,1373,112
12,38,1347,207
7,593,1187,199
7,102,1988,193
8,96,1104,193
15,3845,1793,197
10,6795,901,200
10,3064,1796,196
7,1977,516,183
12,340,397,189
7,173,223,382
10,21,271,201
11,3638,1799,199
7,121,642,192
12,247,507,190
8,3832,1420,175
12,1914,199,339
6,1184,102,297
10,1489,1593,198
null,null,1501,201
9,668,1096,107
7,153,1194,290
18,140,608,107
10,5688,1903,202
8,9,75,193
154,711,1304,207
19,3048,1888,118
6,2209,587,111
11,7770,685,192
11,7587,698,194
8,1649,707,199
9,1649,1703,195
10,2947,1505,193
9,1351,1178,203
7,25,1026,199
7,147,1703,197
12,4633,493,197
14,5902,699,114
6,167,1498,198
12,672,330,560
9,7583,641,110
7,384,359,307
18,10078,707,194
94,11734,997,194
11,5963,402,207
8,2445,590,188
7,8675,1602,196
8,3153,1761,193
9,8251,1066,201
18,134,747,110
9,89,199,592
7,25,1140,201
12,337,1884,211
95,3441,1681,195
6,4253,914,185
null,null,1101,199
12,1843,570,108
6,995,704,202
7,153,1890,197
11,2267,501,196
7,2549,779,219
9,823,227,371
12,8724,440,169
7,660,1388,189
7,56,698,206
11,5888,1585,194
7,1637,515,184
10,2138,910,194
7,8911,2189,196
10,1670,1104,110
8,8064,1876,195
7,671,1707,242
null,null,899,107
9,2364,583,208
7,9448,105,179
9,31,1108,196
11,3439,1429,167
14,4730,790,109
9,7583,1287,107
12,1298,227,191
10,1902,118,271
10,8043,1308,191
10,11344,129,264
9,8662,1383,198
15,1604,610,293
8,847,1511,195
6,3236,1208,195
90,1366,704,205
7,2119,884,196
13,144,925,191
20,165,895,201
19,1392,906,204
10,572,2102,210
7,2035,695,202
9,2691,195,207
11,5737,351,197
9,128,1042,108
18,7060,1097,197
9,1793,1999,112
9,5674,1378,111
12,3287,1214,290
13,143,1219,188
7,3341,1275,111
12,2874,1006,194
7,2361,301,193
8,1260,1061,192
11,7659,1702,195
7,10343,515,192
9,1350,1678,107
154,376,801,187
6,1362,1205,193
8,128,107,443
11,497,1193,208
15,3843,494,107
null,null,799,196
10,3803,1297,217
6,2650,1204,108
10,4638,1578,194
8,5043,1203,196
15,1605,1694,111
7,1209,689,193
6,651,1580,194
18,10082,1112,232
9,9624,1300,198
9,1266,995,199
10,6244,1108,113
6,21,662,202
12,2498,195,302
10,4777,682,206
12,250,998,201
10,1489,684,204
13,4392,2195,196
7,63,542,109
9,8251,866,109
7,11149,1504,104
15,2178,175,211
13,7778,880,202
20,150,844,109
10,2947,571,110
9,1400,197,304
9,872,1493,178
8,8034,1301,110
7,8681,597,194
9,454,1303,107
11,2250,73,225
12,887,282,189
6,40,72,148
8,102,2203,114
11,2265,896,195
9,8203,704,181
164,4468,816,186
7,3598,1095,208
6,808,738,194
6,10269,700,108
11,19,826,200
12,38,1642,204
7,129,1120,195
null,null,988,291
12,1077,2099,193
7,5060,208,382
9,1606,894,203
8,2203,1778,193
11,296,1654,194
90,23,1235,195
9,2197,196,509
10,5646,1506,198
11,3448,591,165
12,539,380,109
52,26,1165,289
8,1986,1153,196
10,205,842,194
13,3520,1894,199
7,8002,1803,203
10,1845,107,487
6,130,744,193
20,159,912,194
18,8729,396,111
10,2108,1502,189
8,4200,686,193
7,160,587,194
95,2368,777,110
7,3862,294,294
328,108,951,193
9,3866,1282,192
7,7079,1502,223
7,1452,193,113
15,400,908,194
8,8030,113,286
null,null,617,180
7,132,739,107
15,122,497,191
14,3040,702,194
9,523,1361,192
12,4174,393,397
6,9345,697,200
20,213,1711,192
15,5937,803,195
8,634,139,295
7,3389,1209,211
8,3832,998,197
13,3018,902,193
9,17,1087,198
52,74,571,194
10,101,382,108
8,2639,399,194
12,4259,705,196
6,130,1145,197
12,1268,785,108
10,483,1701,193
7,23,60,350
13,6030,202,364
14,4732,314,280
7,2780,393,111
6,995,196,212
8,5024,1062,192
7,133,1810,202
10,208,1353,194
11,5231,496,111
6,6984,597,195
8,634,929,107
7,2060,700,107
8,233,1255,196
9,1396,1509,186
12,16,113,108
8,2032,1747,112
14,6032,1189,111
12,606,1596,194
7,3785,1116,284
7,4037,698,136
9,881,483,197
21,10687,1003,215
6,3038,865,107
6,5294,1509,189
18,2053,94,289
8,191,1365,197
7,153,601,201
8,5941,593,114
7,3647,2096,203
12,9269,696,214
null,null,297,200
14,3655,1691,192
14,4731,1598,289
9,3866,1579,190
8,3003,292,300
10,696,185,113
8,113,888,197
10,1125,1542,206
13,6241,201,108
12,9253,1378,194
14,5962,1699,196
9,658,295,197
12,38,552,191
8,2058,1392,197
6,647,1308,189
15,678,883,291
14,4885,915,283
11,103,1348,106
11,6146,782,195
11,4994,197,197
15,1605,1895,196
13,5537,508,190
13,3428,1771,207
9,4370,700,114
90,36,171,253
12,4639,793,111
10,2492,106,195
9,2636,596,109
9,7559,407,200
7,2035,1345,158
7,3846,905,192
10,2408,1402,289
11,3448,716,186
6,2145,1478,199
7,6981,899,195
8,41,1430,198
328,110,1550,194
12,247,1211,195
13,7778,1586,206
10,5293,1590,198
6,5294,710,197
9,1639,598,194
7,1884,809,195
15,3856,379,195
6,9345,904,193
14,5962,1005,192
7,66,705,288
7,199,1390,192
154,376,1197,107
94,11734,1196,108
13,592,1506,195
10,6244,1189,110
8,2440,1181,193
7,110,221,229
11,5231,1099,109
7,745,120,278
12,652,605,204
10,5559,194,221
14,3655,1306,190
7,2052,1701,193
9,7559,697,195
7,2361,104,192
7,2948,405,196
10,6384,2189,110
9,434,726,194
10,3754,1529,168
11,6208,697,295
7,143,214,641
9,118,1038,200
198,3710,594,197
8,5024,468,189
11,9955,276,139
13,176,93,189
7,3095,1280,197
84,91,1873,209
17,1837,1674,110
10,4676,1687,197
null,null,798,200
9,657,400,188
7,1291,1099,202
328,102,151,108
12,7227,1099,113
21,2463,1273,109
12,1407,605,193
15,2485,378,313
12,65,250,177
9,10056,806,196
13,6240,1098,196
7,8002,1597,202
11,574,594,304
7,0,190,202
6,5067,1493,192
12,5910,889,194
6,7790,1901,197
12,9269,920,178
12,5855,793,196
24,353,296,297
24,1049,1089,192
7,74,439,193
198,2322,1103,111
7,25,641,290
9,6643,1311,194
12,2049,280,136
7,8899,694,208
9,558,107,199
null,null,478,192
9,11811,701,195
52,80,1705,204
328,694,1186,119
8,4040,992,112
10,5688,2194,198
17,3796,1193,205
73,2261,1224,220
7,2119,1579,193
10,4786,812,200
10,3645,935,168
14,5786,600,195
7,5890,188,314
null,null,2282,196
10,785,691,292
9,3952,306,195
7,3841,320,185
7,118,1896,194
6,2650,800,193
11,2267,1309,198
6,1362,513,141
7,6548,1680,194
6,46,37,187
8,2848,194,200
7,2033,903,193
24,353,808,198
164,3779,131,251
164,4468,1508,204
8,1187,858,197
8,204,847,196
15,92,837,194
15,5367,193,198
6,10600,2204,292
8,209,1443,293
98,18043,420,174
84,43,1722,192
10,5143,705,194
9,3866,1774,109
11,2369,1700,108
6,1362,1804,193
8,114,685,198
12,453,1207,199
11,6208,1897,194
7,834,190,202
10,4541,1049,194
6,653,1703,195
7,1100,1801,204
19,3041,551,156
6,9345,221,285
7,26,157,308
8,122,924,196
13,185,1480,195
9,9400,2202,207
null,null,707,135
7,147,1304,196
11,3439,999,109
9,1350,1189,196
11,2267,705,196
8,2752,222,274
9,9400,1499,199
7,9567,1007,188
15,2181,1670,195
7,173,849,110
15,2145,770,192
9,6649,490,198
11,5734,908,197
10,31,252,119
13,100,797,203
95,3441,1881,106
328,110,547,194
9,687,1560,107
198,3605,1406,191
10,14,594,109
7,110,1328,228
15,122,696,198
7,7054,1899,193
10,8043,1107,196
13,7778,1090,201
14,6055,1579,107
13,7838,1875,195
7,594,877,305
21,3278,604,116
null,null,904,195
37,7545,995,199
10,1948,1123,204
52,47,325,181
13,6231,403,198
14,6859,126,447
7,10275,1798,119
12,296,712,193
21,10682,783,301
11,3441,1107,199
7,8899,993,111
12,30,1862,198
18,4236,1297,200
9,107,1692,202
11,7560,1390,194
9,11784,199,84
7,1003,877,115
7,384,674,202
15,7912,1175,196
9,3988,1405,195
13,3427,775,215
12,8596,1506,290
10,2284,197,224
17,3856,123,318
6,4455,198,200
13,4908,1104,196
9,3939,172,202
13,4392,1997,193
9,93,445,223
7,24,1014,195
7,26,30,180
10,107,1488,198
8,945,196,107
20,106,1452,193
11,163,1799,111
7,99,1369,187
18,110,1881,111
9,454,812,196
7,357,706,195
7,5941,1397,191
12,9269,1296,209
12,672,2097,194
10,707,1537,201
14,3555,390,284
10,8285,1731,262
198,3605,304,301
11,5649,1405,194
8,753,1098,200
7,63,1343,114
6,86,2176,193
15,2080,415,186
12,1935,896,133
10,2320,683,102
14,363,999,201
7,4172,404,192
11,3438,702,203
9,1396,1784,205
12,1588,1809,198
null,null,200,209
7,4151,693,193
8,1762,1300,195
11,8803,891,196
15,3106,1593,214
9,118,436,215
19,64,1929,108
8,104,1142,196
13,5840,902,195
12,4259,2107,198
9,5854,1114,110
8,1765,202,385
7,712,581,200
20,106,552,201
13,159,1115,112
10,3389,1118,220
10,73,464,194
7,902,1280,202
12,1409,695,205
10,3390,902,208
13,604,1196,202
10,1050,198,291
19,770,1306,197
6,651,776,108
15,5137,1127,178
9,1630,1779,201
9,24,78,213
9,9684,987,112
13,156,1407,192
9,3988,609,200
8,1854,1706,110
84,103,149,209
94,7672,1675,194
7,1884,1407,197
6,3239,408,200
13,990,1973,201
8,275,256,189
7,10343,163,344
10,1489,2004,195
15,2155,483,319
21,9808,170,285
9,1864,904,196
15,2166,131,278
7,2440,604,203
11,3262,2083,202
6,8055,1802,196
10,1751,208,385
11,138,544,182
7,0,1952,197
11,138,1198,106
8,2058,992,194
12,16,33,116
10,2492,314,180
13,7756,1406,193
7,2522,987,199
12,38,748,189
10,3067,503,283
11,6208,391,207
15,3325,584,175
8,598,791,220
7,2549,1383,116
7,3554,206,182
13,189,680,194
20,213,1310,192
7,4486,592,110
11,408,1693,205
10,128,230,399
15,503,185,374
9,1606,489,109
7,2522,498,107
8,1373,1576,118
6,348,1292,190
7,2358,1392,201
7,86,61,410
7,2308,688,195
11,26,767,194
13,100,288,269
6,8055,810,158
8,102,1759,108
7,6044,575,107
7,3467,691,200
90,23,871,113
73,2261,427,202
13,144,1710,196
13,4908,1307,191
11,6003,203,198
15,404,1403,193
99,16225,905,196
7,4379,1751,192
10,1129,956,196
11,5888,286,293
12,1588,609,110
7,4526,209,191
13,118,667,118
10,2101,1981,112
198,2323,1503,119
12,40,458,192
7,2780,138,250
19,33,842,194
8,102,1702,198
8,3690,996,205
8,3700,1993,202
9,9958,201,204
9,3988,1106,293
7,2047,895,115
10,1489,1880,198
11,1098,244,253
90,42,1213,194
7,2376,1024,166
19,765,993,194
7,8553,1497,112
6,95,408,205
7,8912,1888,296
12,2039,204,115
6,65,111,308
null,null,794,200
12,247,1116,180
7,142,1145,193
18,4235,1501,194
6,163,1102,109
11,7748,1212,194
8,634,1327,106
9,113,732,113
21,3278,1103,202
8,139,411,186
9,461,199,205
37,6487,2173,204
8,2440,984,192
7,2052,1298,194
7,3647,1606,196
99,16052,1109,218
8,99,1499,200
10,4786,1475,198
9,7881,1204,196
98,16432,1996,114
7,3742,207,196
6,6193,1899,188
12,5561,989,111
7,2035,1101,236
14,4730,1191,200
7,110,1724,181
7,953,1899,292
null,null,675,201
9,11761,1088,191
17,5442,1292,201
11,582,1601,208
7,4401,2011,188
9,1285,819,200
7,7835,719,183
14,4730,684,195
7,108,295,296
7,199,253,308
37,6419,1975,114
null,null,191,496
52,96,1556,120
9,82,1749,191
8,99,503,195
12,2167,1498,193
6,739,598,108
10,3135,996,113
7,12,297,170
10,2138,1109,213
7,956,1004,190
9,3460,604,194
12,250,2296,202
9,458,831,107
7,4670,587,193
9,1749,643,206
9,101,793,113
9,1248,517,111
84,43,935,222
8,3552,287,113
13,112,1849,111
24,1899,1494,204
8,4040,796,126
12,1843,1173,193
6,2209,995,198
10,2408,1996,202
12,453,598,194
11,45,1429,185
11,307,1357,292
10,2668,621,107
6,18,875,202
98,17920,909,109
18,140,1212,107
7,65,1500,193
10,2147,710,195
73,4206,2305,289
11,43,1308,195
7,165,618,288
8,6544,1388,208
7,8653,405,198
9,1140,558,187
10,205,1733,112
9,3988,1607,204
10,4786,670,204
12,9344,1102,188
14,7953,700,196
12,8771,221,212
11,5650,1809,198
13,148,1149,203
7,8678,919,187
24,746,1502,200
102,12876,301,304
15,8287,693,201
6,2650,1396,113
11,800,1199,203
10,205,447,109
13,6651,1531,109
13,4601,1701,198
11,105,1001,201
8,5043,1006,192
11,2862,119,207
6,7790,1309,289
13,24,1281,201
7,2948,817,192
7,646,195,393
9,3192,911,397
7,2549,1004,169
328,114,362,192
7,596,1199,203
19,1398,262,278
8,6541,1194,194
15,7278,1598,201
15,7876,781,192
198,2321,1303,139
9,1354,1397,192
11,2235,862,201
null,null,503,195
9,3460,212,314
9,3460,1496,194
8,2154,1395,196
11,105,1995,203
9,5854,709,195
12,2057,692,189
null,null,1306,197
7,501,1492,203
13,102,499,200
9,637,1578,194
6,1595,1203,291
19,770,509,195
19,935,785,197
11,5622,779,195
14,4883,708,197
8,3761,293,205
11,7435,2114,287
7,104,307,396
null,null,802,191
7,3096,1407,199
24,746,213,282
11,7770,223,263
11,7697,189,599
7,3048,805,196
11,1986,1100,284
10,8079,594,112
24,740,993,193
12,1077,1889,201
12,7076,1904,209
6,6059,1712,188
8,2440,1775,112
6,6059,504,195
7,120,1196,197
15,2178,500,193
9,1648,705,193
12,892,409,291
13,4383,705,207
6,7689,1203,199
13,107,840,107
12,4704,894,117
7,6273,572,191
9,8203,1883,196
7,435,761,194
10,6187,203,401
13,592,507,211
7,90,190,503
7,170,652,107
9,606,806,286
11,2472,110,412
7,2039,278,216
7,796,1889,198
10,2967,1687,207
11,7703,1206,290
19,768,382,201
7,6273,1465,203
11,494,1905,195
10,7833,789,198
10,6182,1597,199
11,2472,1570,193
90,42,429,203
7,5856,1301,188
6,546,1072,197
6,84,1877,205
6,84,1263,203
7,8653,611,187
37,7375,1695,107
9,83,601,108
10,208,1146,203
9,663,1295,108
10,3135,1194,129
11,209,1743,192
9,159,997,197
13,6036,1500,194
7,4452,493,200
14,4885,1405,197
71,3692,95,411
12,5259,1377,197
15,7893,1478,194
12,2164,209,278
8,954,688,109
8,102,1353,113
15,3325,265,310
14,5962,1404,287
14,378,707,204
11,5734,1304,199
6,656,127,446
8,634,734,189
7,121,1143,198
7,2035,1508,191
12,663,1105,203
7,249,1304,197
6,3993,1873,109
11,5622,1578,194
19,1465,1710,187
9,608,1093,203
24,740,590,194
10,6901,717,118
10,1190,1091,205
8,17,1582,198
11,500,2392,205
9,1177,1476,191
8,3153,1355,200
13,6692,196,277
84,100,1577,207
8,3157,495,188
21,3278,2104,205
12,645,1201,201
7,615,693,208
21,9695,1747,110
9,1355,1007,193
9,98,1465,100
7,3680,104,298
6,18,375,197
7,120,903,203
6,1356,601,196
6,5949,202,198
7,357,908,198
12,1130,122,287
98,15487,1395,196
328,110,1344,197
14,53,303,185
6,6207,1196,201
102,11523,1703,201
7,19,102,369
7,104,1007,203
9,4370,987,198
11,8787,1108,191
13,3486,1568,197
6,546,564,209
84,19,1286,205
6,5956,1104,128
13,480,203,194
9,7583,1087,193
24,746,1301,195
8,1854,608,287
8,2639,1602,194
10,478,194,499
7,2352,398,199
9,4201,1101,217
12,250,1517,192
10,1491,297,405
7,4456,685,205
13,3548,692,194
9,1544,1200,289
9,17,178,206
90,23,475,109
9,1974,494,108
7,3071,290,196
9,1649,301,110
7,2083,1290,203
6,16,973,196
6,5067,1692,290
98,15936,1096,194
6,4971,711,174
13,5839,588,130
13,902,1508,171
18,140,1608,107
6,731,145,373
13,2284,1757,108
6,8055,911,197
11,7701,1887,207
14,363,1917,193
9,703,873,215
7,2119,678,199
10,1526,900,192
11,44,321,201
9,890,688,285
11,6201,2097,203
10,139,1915,112
10,9781,344,283
11,26,967,199
10,10422,684,205
10,139,1024,193
7,2283,1490,291
10,6901,1001,200
13,2069,1580,200
6,734,1234,109
6,9359,198,211
10,1192,1204,295
7,2351,810,116
7,110,637,282
8,3502,396,300
9,864,494,111
7,59,231,358
6,18,228,211
7,48,119,373
11,5568,1590,108
11,7952,1398,202
10,1948,1505,195
94,7666,905,194
7,2486,2193,201
13,4684,829,198
7,2086,501,285
15,2939,400,202
15,7894,1677,201
7,1776,1682,197
10,3064,793,123
8,1850,1668,198
7,357,200,290
7,6578,1893,198
11,44,1608,109
7,2352,201,205
9,104,989,109
6,1023,100,288
7,25,107,330
21,9695,857,193
13,2284,1065,113
7,8679,504,198
7,69,864,169
8,5024,864,193
10,639,883,193
18,7064,904,181
12,8873,1202,199
7,143,506,201
13,6036,904,192
8,99,794,206
11,4400,2108,289
6,2640,288,296
13,159,715,106
9,2197,795,207
9,1762,300,393
7,3095,1079,195
7,5941,601,191
6,8444,476,104
6,7703,843,349
7,190,702,197
7,108,633,191
11,4394,1382,217
164,2397,1202,195
18,4236,603,200
15,1605,1193,215
9,9400,1912,199
12,1931,1388,110
19,1392,1402,198
7,8678,1393,117
15,3843,1609,193
10,619,1335,194
13,2284,1380,107
10,8079,124,296
8,2448,800,108
15,3845,1100,231
13,10,36,170
7,1731,1193,197
6,166,1702,196
52,47,511,196
6,10257,198,196
7,133,515,193
7,110,925,197
13,3680,706,290
7,8676,799,193
9,11507,2185,114
10,9778,379,309
7,882,192,203
13,2740,1955,202
98,12719,767,106
11,6208,1402,203
7,1201,1400,110
20,106,850,107
13,118,119,148
95,3532,1280,111
14,3040,504,193
9,109,57,305
14,5902,198,409
328,705,695,195
8,102,1556,198
11,1307,1476,193
7,933,1006,191
94,7898,703,198
9,454,410,222
11,3441,1312,290
7,4497,1173,112
7,678,1771,193
24,1049,1286,196
11,5670,208,180
7,4456,1495,198
15,67,99,436
7,142,828,201
11,5622,1179,194
10,132,1661,180
9,1752,194,107
7,1884,1219,183
8,2058,1192,196
12,8127,199,111
10,784,1808,201
8,113,281,397
11,41,1213,107
6,4343,152,160
9,19,354,209
12,8135,895,194
7,2650,312,283
13,7838,194,374
7,8004,1201,208
9,5854,1312,106
10,665,700,201
12,1931,991,194
8,3400,400,137
7,30,92,382
17,3794,985,223
9,112,350,108
14,6055,1776,197
7,3120,494,195
8,3552,697,211
7,6578,1398,197
21,2445,677,197
7,101,778,203
6,1741,1307,197
15,2795,88,195
8,2445,784,196
7,136,1340,197
10,6795,206,396
8,1986,1564,124
154,376,597,199
15,567,1064,197
15,3572,1501,108
9,4201,1610,291
8,3153,956,143
13,604,898,208
15,2181,1269,193
7,142,910,196
11,4400,1598,204
7,3467,205,198
12,4267,1656,194
17,3856,1008,194
20,106,112,341
6,18,167,203
84,19,1084,193
9,11784,374,117
11,3434,1923,177
7,66,196,297
10,134,1222,195
7,4387,1299,109
7,110,455,177
13,118,342,92
71,3769,1503,193
7,2651,798,194
15,5937,1206,195
9,649,897,192
9,287,207,190
10,1050,790,203
13,5839,1411,106
6,84,1673,199
7,2948,608,195
7,8119,1285,203
10,2218,512,192
6,5523,300,404
7,257,410,207
18,7073,1381,112
9,65,1210,107
11,2250,715,194
7,974,1077,198
8,1424,666,207
13,2740,1244,210
164,2391,282,505
11,1759,1013,182
6,7260,666,113
7,158,785,108
10,707,1828,112
95,2495,710,192
11,5622,393,373
10,5559,890,108
328,109,1145,195
null,null,1293,193
7,1074,1301,195
6,348,1089,198
7,3266,882,194
9,7880,1593,188
11,163,1687,110
7,893,1195,200
11,491,908,189
11,1167,1197,193
21,10683,1387,199
9,87,1065,226
9,18,905,189
15,3859,501,196
11,1770,212,484
6,2491,403,200
11,7659,1304,194
8,105,547,202
10,5143,1107,197
99,16225,305,303
15,1800,1354,108
9,1292,1093,204
11,5963,614,208
15,101,164,365
11,5734,709,194
13,24,1981,199
14,5863,1400,196
13,604,613,197
73,4206,302,404
18,140,1407,111
8,2407,202,196
15,71,474,210
10,1189,1102,288
9,128,843,107
95,2431,187,301
11,7655,185,189
9,1354,1794,196
7,384,1782,197
10,1928,225,285
7,384,767,200
6,1595,298,401
8,1941,640,457
10,2104,1285,208
12,65,629,107
8,3832,596,114
11,138,800,119
12,211,885,114
9,1972,699,108
7,8653,110,290
7,2546,900,111
10,6439,1717,173
8,513,361,203
6,3236,911,291
164,3861,446,109
7,2846,804,106
13,3512,596,196
13,5854,298,282
11,7561,592,192
10,5292,191,405
10,106,389,202
10,205,1042,201
11,589,1899,109
10,5559,1003,118
9,5676,303,179
7,1495,1908,190
7,7252,1172,111
7,170,1228,110
6,16,687,202
8,3710,1693,210
8,2197,1005,210
9,43,180,199
6,85,1472,195
8,1761,103,107
12,1309,787,111
7,89,604,194
9,3460,1695,285
13,166,514,99
12,1588,293,405
11,2267,909,198
6,18,664,203
8,648,324,194
95,2341,790,200
12,6934,396,106
11,11452,397,194
10,639,592,285
7,211,559,199
9,848,172,198
6,995,588,112
9,3344,891,137
7,9618,541,172
7,27,1776,206
10,24,1176,288
11,103,798,202
7,144,559,102
7,4390,699,299
7,5643,692,195
102,12648,797,196
12,453,798,197
8,1850,1873,194
98,15961,891,200
6,6998,485,107
7,155,835,111
7,113,109,502
10,10422,287,300
null,null,1494,198
7,121,240,391
8,584,103,398
10,2964,712,193
9,6,167,362
12,1134,1011,108
8,2058,794,192
7,3048,604,196
null,null,191,198
10,538,215,193
7,2486,1288,202
11,8815,1491,199
6,1565,297,294
6,3993,680,208
9,159,1599,194
12,8135,1301,111
13,4383,1500,200
90,47,818,193
7,10600,696,200
7,357,496,194
8,233,1456,199
9,50,796,191
9,107,1486,201
13,2069,1299,191
9,5809,1982,207
11,209,1943,214
14,5885,1381,196
8,175,1528,111
12,36,542,161
10,1937,902,198
7,2549,202,294
12,8873,1003,194
9,32,50,265
7,382,364,183
9,6150,588,199
8,175,968,202
11,4095,365,193
8,1891,291,397
9,3866,785,193
7,2846,1002,114
9,107,2203,283
9,1266,1199,195
13,3579,400,198
24,1503,191,199
11,26,72,383
13,144,525,194
9,525,962,197
9,1248,1439,199
8,99,1638,108
8,2973,2191,192
73,4359,483,201
9,4191,1401,202
7,129,1722,196
12,38,1707,191
11,3183,1592,110
8,4258,531,183
8,750,139,179
null,null,1492,195
9,6643,716,186
52,21,1020,190
12,105,987,198
9,1313,497,208
9,1237,1644,193
11,5680,1198,204
14,3655,1080,215
11,2189,707,193
10,2656,215,291
14,53,1089,196
9,9958,410,112
7,130,2269,203
99,12878,1410,283
11,138,998,106
6,1010,1204,191
7,132,1543,193
6,3236,467,107
8,5043,1405,193
13,2284,1073,112
154,128,670,170
7,8756,722,188
11,1996,2184,196
14,4885,1203,196
13,4908,1502,197
15,122,1390,116
7,5954,1479,109
20,106,1274,172
18,140,1808,114
6,3239,698,202
10,2044,683,130
11,1167,998,192
7,3791,1998,198
19,1465,891,195
9,104,497,201
7,902,2185,112
19,1465,690,196
6,3239,203,200
10,9975,1100,195
11,4579,2205,200
9,159,1200,194
null,null,496,131
12,38,1495,203
11,5673,1816,286
13,166,894,198
11,5636,898,184
7,100,494,114
7,8653,732,179
11,5145,612,115
null,null,288,187
9,34,480,422
7,131,82,176
7,5642,496,191
12,7227,497,111
8,3157,896,195
11,234,1396,207
7,72,1526,111
15,3859,907,194
164,2387,1087,192
154,712,1004,207
12,38,1297,113
null,null,704,193
7,4456,1698,194
11,5680,2203,196
164,3779,387,198
10,1259,2196,206
12,30,1157,193
11,4400,1809,292
8,3750,886,111
12,1879,143,245
8,954,991,202
10,7547,1477,193
8,178,1665,109
9,1350,1875,111
6,81,978,205
21,3278,205,296
15,7280,821,177
7,164,1785,106
7,95,694,197
10,5143,904,196
12,4646,1150,109
9,113,1448,195
9,1897,1807,194
7,211,1167,192
15,3863,1009,193
71,3462,114,218
12,8593,714,186
13,147,952,192
11,2241,1863,112
12,93,198,502
15,5285,1604,209
7,153,1685,200
95,2431,583,202
11,7657,1005,198
11,4162,762,194
9,7583,1889,108
8,105,171,302
52,21,663,299
11,2168,1308,195
10,31,64,166
19,1465,1123,194
7,237,1820,182
10,1282,1891,202
11,7435,1112,287
37,7446,798,106
12,8135,697,193
11,6146,1505,193
8,2154,1176,197
52,74,770,195
7,662,790,108
11,7656,1502,195
11,43,110,313
7,17,177,198
8,96,2000,197
7,8004,1415,192
10,404,100,291
null,null,187,207
10,107,1001,193
7,4387,1710,285
52,44,167,445
6,3239,1105,199
7,7845,1510,113
7,1899,1456,110
71,4949,1402,193
7,5954,966,109
13,2069,977,109
7,108,489,194
8,2973,1687,198
6,3236,600,107
7,164,899,196
11,4928,184,193
9,8655,1790,99
9,113,1331,113
20,106,1048,216
7,85,804,197
9,1340,1845,112
7,148,1052,113
19,1470,1292,195
95,908,682,494
6,9099,597,194
9,1237,261,281
37,7446,600,109
10,5143,503,197
7,1495,1701,202
7,3841,1102,199
9,1396,1995,289
6,22,2254,199
6,546,1274,194
17,3794,387,306
7,95,1080,115
11,9251,204,395
9,864,1185,195
7,7057,808,195
10,101,848,111
7,2039,1298,200
12,1130,500,107
15,7876,979,192
9,1606,95,389
13,6692,891,193
15,2920,922,171
11,5697,719,184
12,296,1699,110
14,21,236,195
10,3067,1393,198
13,158,1416,184
9,864,1386,215
99,14729,1889,287
10,1845,1301,295
15,2939,611,180
98,16432,1007,286
11,800,1905,290
6,3239,905,195
11,2265,694,196
12,8135,1096,199
11,500,2092,208
9,687,1672,194
10,5403,1794,198
24,1049,1487,192
18,115,2081,207
12,7071,1295,195
9,134,1764,182
7,1074,497,207
11,5746,134,168
11,2267,1512,108
10,10141,668,197
6,3993,1181,194
98,17920,1110,199
9,2891,877,116
12,1843,1873,107
14,5956,976,137
6,95,704,202
11,4005,604,191
12,1130,697,107
7,1168,1381,107
8,3099,94,201
10,880,1188,203
11,412,2104,194
7,882,802,193
7,4670,384,195
71,5742,120,387
8,1986,1353,106
11,7435,904,199
18,110,1389,205
7,3053,1177,194
7,1095,904,199
15,5059,1096,207
11,5673,1300,194
13,5345,484,194
9,5731,390,399
6,254,1009,190
null,null,597,109
12,2057,303,187
11,103,299,493
18,121,1357,196
95,2495,1579,199
7,2052,1100,192
14,376,1204,202
21,2426,184,282
18,110,188,303
13,2243,146,347
13,3020,1100,196
7,132,1741,107
12,673,898,195
11,7587,1566,196
7,69,1155,106
7,100,806,112
7,6640,1705,113
7,8756,222,183
102,11523,1501,108
7,1948,1056,113
7,1549,994,107
6,8288,311,199
9,1152,300,208
10,107,289,498
12,8596,1106,195
12,183,869,203
13,4744,703,201
19,1465,1494,121
10,5646,904,193
8,21,217,256
6,5699,797,209
15,557,1551,200
13,3680,590,111
8,2445,1580,110
12,673,1398,215
8,3153,1156,116
84,43,1536,109
7,85,1007,202
10,5635,1087,110
7,2358,902,200
20,213,110,401
7,5528,327,175
10,783,1689,196
7,111,238,306
9,281,1114,189
8,6094,894,205
8,236,497,191
15,7278,1403,191
12,5261,1784,205
12,1077,1689,109
9,2636,398,107
11,5555,1379,194
90,14,436,207
null,null,505,108
15,8288,1891,199
9,50,526,177
9,281,891,213
7,2286,1986,213
18,110,594,202
13,3688,1029,171
7,165,1114,195
10,3767,292,395
9,0,243,182
7,102,1785,200
94,7898,1808,194
10,5299,1785,199
14,53,493,193
8,2058,595,194
6,7689,1407,198
9,8209,1480,196
8,1891,1196,291
328,694,190,497
7,7,993,201
12,606,1200,187
7,211,967,194
13,3499,2207,288
102,12876,912,286
13,3418,1189,197
9,668,807,201
7,11176,499,193
15,3343,768,191
164,2397,1404,201
102,11523,709,197
11,8815,1695,199
11,5890,1788,189
7,26,432,184
7,26,1213,112
7,160,473,106
8,3832,1600,195
null,null,190,208
9,159,1893,114
15,5938,682,196
11,4244,597,117
11,4005,1001,109
7,99,1755,193
17,3749,1705,199
15,122,899,205
7,3048,201,110
7,5060,1195,197
7,1201,1201,108
7,4379,1354,192
7,31,102,183
9,9400,100,498
8,1373,1776,112
7,1154,1599,114
12,1588,809,198
11,2369,703,108
8,648,504,217
null,null,191,412
9,107,88,402
9,98,1655,107
11,4162,250,110
8,3167,1097,218
7,9448,293,192
7,4452,698,110
198,3653,2205,205
9,668,107,297
10,6187,1311,286
18,7060,689,202
7,660,986,196
7,2052,897,198
7,1291,499,291
11,2240,584,199
11,103,1743,112
13,6036,506,195
7,6568,742,173
10,7371,93,198
18,129,1619,112
20,106,1647,194
9,128,1241,107
11,6146,384,189
9,31,917,194
13,6240,1300,192
6,254,104,335
6,739,1513,284
11,6208,1695,197
37,6411,708,196
12,1068,303,398
10,1491,1414,192
8,226,758,163
7,2060,1099,134
9,658,697,193
8,3686,1210,198
95,2368,1175,197
10,2859,595,184
12,2167,1297,196
6,7703,1694,113
7,6640,920,120
8,2459,290,204
10,12292,301,404
8,113,1290,198
7,3742,410,194
6,3993,1587,192
7,2376,593,102
11,7953,205,390
15,6096,283,208
10,10422,1587,194
6,3993,1380,197
7,4560,123,259
7,7816,191,496
15,404,1106,291
10,1120,720,193
13,4908,582,186
9,33,119,301
7,5388,777,108
9,18,687,208
10,3803,924,183
9,94,744,120
12,2947,605,202
94,7664,1104,192
7,7175,486,197
10,6901,1410,116
71,3356,89,198
11,9253,1804,197
6,127,109,411
9,4545,795,113
7,4526,898,195
10,483,1901,200
9,434,1129,188
37,7375,1408,198
11,5896,1384,195
15,553,1469,113
7,6578,708,192
6,5523,1097,199
7,858,797,203
12,4646,1354,109
154,360,840,192
9,3866,672,204
10,7852,1397,109
328,110,746,194
102,11523,994,208
8,1362,1298,283
13,156,495,109
13,106,1551,191
13,6651,1714,194
6,5699,2086,109
24,740,1190,194
14,7953,1503,188
6,1362,807,192
6,2145,791,197
11,5660,1589,121
8,2125,585,194
11,7770,697,203
10,8079,907,109
13,480,402,195
8,8034,1496,113
13,143,1004,208
7,5060,1730,111
8,114,1085,195
8,135,724,194
9,9059,94,195
9,20,775,201
9,5780,950,193
6,5067,1086,198
9,1649,1342,164
7,882,401,195
19,3041,1610,199
12,2167,1097,195
9,96,550,201
11,1307,874,196
102,12716,1199,202
10,4777,1394,287
9,4545,391,201
7,4578,1779,291
7,834,990,204
21,12832,480,196
13,592,1303,194
154,360,265,284
7,5822,1209,107
8,1844,1189,196
15,2155,193,198
7,7835,987,196
13,3020,1301,193
12,887,1077,201
15,122,608,200
18,114,561,111
7,1637,790,107
9,1350,584,197
18,4236,811,200
9,2364,382,115
10,4777,1890,198
7,3862,1287,108
7,74,1037,193
